Bedrooms,Area_sqft,Bathrooms,Location,Parking_spaces,House_age,Price
2.0,4747.920374134444,1.0,Urban,3.0,60.0,1078883.157739152
6.0,1835.274384968405,3.0,Urban,0.0,50.0,595937.1520190205
1.0,1245.327561627194,2.0,Rural,1.0,25.0,198837.43872289505
6.0,688.9344300931471,2.0,Urban,0.0,87.0,282690.14019899623
1.0,4456.708969990272,3.0,Suburban,1.0,40.0,848129.5769024325
6.0,2555.863901961659,1.0,Urban,,76.0,635722.3080798996
6.0,2094.0630820014853,5.0,Urban,1.0,7.0,724329.3391693695
1.0,4175.069789528231,1.0,Suburban,0.0,14.0,768110.494151808
1.0,2667.3568094068805,5.0,Rural,0.0,94.0,301608.15508320776
4.0,4637.243320577027,5.0,Rural,3.0,58.0,675227.1261791141
1.0,2238.4542788440967,4.0,Rural,1.0,58.0,284755.0043975376
2.0,4689.5448689838495,3.0,Rural,3.0,68.0,557796.6302439837
3.0,2909.111458291974,5.0,Suburban,2.0,94.0,593942.5354044195
1.0,,1.0,Rural,1.0,93.0,294414.37547157827
,2519.4990822413138,4.0,Rural,3.0,45.0,415558.2068330907
3.0,2498.5747092458823,4.0,Rural,1.0,85.0,415477.169910875
2.0,3692.223351893259,1.0,Urban,1.0,42.0,745446.1397594624
1.0,1135.7512217397762,4.0,Rural,2.0,19.0,203743.1122554041
5.0,3056.4163055204026,3.0,Suburban,1.0,0.0,750215.5191228756
2.0,1253.1187991238255,3.0,Urban,1.0,98.0,335731.4745600672
4.0,1566.6253569875128,2.0,Rural,0.0,31.0,334838.45293342805
4.0,2285.585811888424,,Rural,2.0,37.0,431591.26330479694
3.0,4903.840793302386,3.0,Urban,3.0,79.0,1284032.1658787548
2.0,1804.8655352462408,5.0,Rural,3.0,51.0,296870.02465313737
1.0,4328.061172721808,1.0,Rural,2.0,84.0,470664.1432218129
6.0,3542.48704136485,4.0,Suburban,0.0,89.0,722389.8586864622
,3775.762295288344,3.0,Urban,3.0,44.0,1084451.2282806225
4.0,1520.286723155798,2.0,Rural,2.0,62.0,52416.142207273544
1.0,3936.105809899576,1.0,Urban,2.0,80.0,884880.4128801093
1.0,2336.535755716654,,Rural,2.0,20.0,337511.3626768746
1.0,1084.7361752057354,5.0,Urban,1.0,36.0,319351.1467853395
2.0,1546.4811126442105,2.0,Suburban,2.0,72.0,365670.3493521881
3.0,1697.7560563199186,,Urban,3.0,72.0,389456.5181770504
5.0,2851.1646823225324,4.0,Urban,1.0,78.0,712889.6361278415
3.0,3344.4042327780903,2.0,Suburban,0.0,25.0,731505.2465985345
3.0,2780.7729431921716,1.0,Rural,2.0,95.0,298127.59183558665
3.0,632.2750059042828,5.0,Urban,1.0,36.0,319863.5872889308
4.0,2750.360532222122,3.0,Urban,1.0,7.0,871564.4587566225
1.0,3010.1908636814064,2.0,Urban,2.0,34.0,612343.1422906553
4.0,1538.7313511930545,5.0,Suburban,1.0,96.0,303408.4535870424
5.0,3366.9087668640723,2.0,Suburban,2.0,25.0,730861.0650167533
4.0,4891.958823194566,4.0,Rural,1.0,39.0,712174.7611034382
3.0,3214.487345960175,,Rural,,13.0,538667.0646457358
6.0,2628.3710574297957,4.0,Suburban,3.0,82.0,593855.028486497
4.0,4184.307518334215,1.0,Rural,3.0,20.0,562273.079167914
5.0,2288.2054480898046,5.0,Suburban,2.0,99.0,498171.30772038264
4.0,1807.6440191285976,1.0,Suburban,0.0,41.0,385408.8688833135
2.0,1536.1077579254147,5.0,Urban,1.0,40.0,520418.65336095024
6.0,,1.0,Rural,0.0,87.0,261493.96504648757
1.0,3903.190960511537,5.0,Urban,0.0,76.0,918965.8207736958
5.0,3911.8325498444183,3.0,Suburban,0.0,22.0,704017.4119098937
5.0,2028.998622028483,3.0,Urban,0.0,37.0,633300.2745359256
2.0,928.6767857958184,,Rural,0.0,85.0,125431.1515804797
5.0,3287.7398813341447,4.0,Rural,0.0,24.0,494101.21365080023
4.0,641.3981968007282,4.0,Urban,2.0,58.0,273285.87362004013
1.0,2306.505339109371,4.0,Urban,1.0,51.0,599014.8492001531
5.0,3732.931534184309,1.0,Urban,0.0,80.0,923167.7944053984
1.0,3409.0254055607315,,,3.0,79.0,457546.361207115
4.0,4735.726017088332,1.0,Suburban,0.0,76.0,787455.4036406684
2.0,,4.0,Rural,1.0,22.0,655814.7926868141
1.0,2570.010780113595,3.0,Urban,0.0,,539254.1933899485
2.0,4965.990302186506,1.0,Urban,1.0,30.0,1255766.0177801575
,1835.5400690893275,5.0,Suburban,3.0,78.0,400409.34164108295
5.0,603.1976507061892,5.0,Suburban,3.0,35.0,318898.5380801485
,4902.787754602681,4.0,Urban,0.0,49.0,1284875.346860313
2.0,505.56505891734247,5.0,Suburban,1.0,,198846.24920870416
1.0,2634.2978919406723,1.0,,0.0,43.0,543367.4110244195
4.0,2851.4287252942395,2.0,Urban,1.0,89.0,718684.9536964735
1.0,3941.604376066747,4.0,Rural,2.0,70.0,556673.1128866391
2.0,2697.7735852922283,3.0,Rural,0.0,66.0,392693.9072941632
,2783.50864753884,3.0,Urban,0.0,92.0,583650.6265512416
4.0,4064.421351922445,1.0,,1.0,55.0,952607.968948308
6.0,,3.0,Suburban,0.0,32.0,687279.7405254253
2.0,3765.322401234871,5.0,Urban,0.0,61.0,937302.4525686392
3.0,3124.65871605252,2.0,Rural,3.0,35.0,425354.6585536084
2.0,2592.7486173528996,1.0,Suburban,3.0,56.0,508848.5924958206
3.0,3370.8235699218653,,,2.0,37.0,881393.0256928769
3.0,3018.5980017707293,4.0,Suburban,2.0,68.0,643939.8686838682
6.0,3488.8456152743784,3.0,Suburban,1.0,,758124.370360866
2.0,4259.335238789567,4.0,Suburban,3.0,65.0,742448.8927920585
3.0,2507.9054943989463,3.0,Urban,1.0,19.0,703478.70315307
4.0,2287.3044984314497,2.0,Urban,1.0,38.0,598674.7458840704
5.0,733.5542461428905,4.0,Urban,2.0,46.0,358045.9810517351
5.0,1743.0679623881888,2.0,Urban,3.0,76.0,562081.5930992989
6.0,3748.6815238205577,4.0,Urban,1.0,67.0,1075999.9517900385
6.0,1842.957105628445,4.0,Urban,1.0,94.0,623125.5013367439
3.0,3794.5517307933014,2.0,Urban,3.0,87.0,915267.7770427292
4.0,,4.0,Suburban,3.0,52.0,527385.3069808315
2.0,4132.351934560346,3.0,Urban,2.0,99.0,1003200.8664012472
3.0,899.4532734849581,3.0,Urban,3.0,58.0,271258.42437501624
5.0,1257.516301636086,3.0,Suburban,0.0,67.0,259651.81572408948
3.0,3089.3422427876676,5.0,Urban,0.0,19.0,952301.3186176304
2.0,,1.0,Rural,3.0,72.0,228309.710501342
6.0,1989.0021334512735,1.0,Rural,2.0,60.0,349438.5184306599
1.0,3770.371508756885,2.0,Urban,2.0,11.0,976738.141903377
4.0,,5.0,Rural,3.0,51.0,584851.2582304851
4.0,2578.2956657379964,2.0,Suburban,3.0,80.0,570733.9803478853
4.0,2563.09891056166,,Suburban,0.0,2.0,595550.8469390107
5.0,4232.2623213133065,2.0,Suburban,1.0,,810875.4761469993
5.0,581.0004002534674,2.0,Rural,1.0,63.0,206071.563517208
6.0,4728.4318008207865,4.0,Suburban,1.0,7.0,1055436.1020274016
1.0,998.3680039353115,,Urban,3.0,54.0,374321.90971403546
2.0,4962.147839916233,3.0,Suburban,0.0,4.0,934659.9954345188
,3596.9353963996796,3.0,Rural,1.0,25.0,447108.1906791577
1.0,1514.4743995866224,3.0,Urban,3.0,76.0,318361.1653831321
4.0,4072.9537236560273,2.0,Urban,0.0,35.0,1011251.3810506983
4.0,4115.831487957204,5.0,Urban,3.0,69.0,1181383.6215208138
4.0,1889.754908033034,5.0,,1.0,11.0,556221.8001470212
2.0,1223.8167828098578,5.0,Suburban,0.0,15.0,396361.9814982707
1.0,1065.8368031299196,5.0,Urban,1.0,99.0,199133.63050765952
6.0,3407.4327875227837,1.0,Suburban,2.0,78.0,771449.23053928
6.0,1859.2722582565775,4.0,Rural,2.0,13.0,422824.4793259356
3.0,,1.0,Urban,1.0,51.0,509997.569979416
,4238.947361037674,5.0,Suburban,0.0,42.0,929350.4500981476
4.0,4315.675476935068,5.0,,0.0,79.0,1041317.0188096828
2.0,3637.739385742356,2.0,,3.0,40.0,795800.0363770499
,1012.8048562144272,4.0,Suburban,0.0,6.0,335652.9810584163
5.0,3355.8766541932123,2.0,Rural,1.0,5.0,567873.2750134768
4.0,3739.0615400960874,2.0,Urban,0.0,21.0,991138.5721851244
4.0,2320.5589538180784,1.0,,3.0,83.0,398097.0499671672
5.0,3763.200773980017,1.0,Urban,3.0,85.0,847688.8905001293
2.0,4043.180052522975,1.0,Suburban,0.0,72.0,717797.0079829145
2.0,4457.0345907943765,2.0,Suburban,1.0,58.0,826620.3495832343
2.0,2248.937593834311,2.0,Urban,0.0,75.0,530955.0549079119
1.0,4459.38204812522,4.0,Urban,0.0,48.0,1133221.543063317
4.0,1267.6186020069051,5.0,Urban,2.0,16.0,488649.7069119761
5.0,2351.0275992461475,5.0,Suburban,2.0,55.0,473460.82172947656
4.0,4210.4066363916445,2.0,Rural,1.0,39.0,574518.5603135781
6.0,4976.860878766947,3.0,Rural,2.0,20.0,802483.8306261029
4.0,2165.235506034149,3.0,Suburban,1.0,4.0,512947.9640993375
2.0,1949.9697655008276,1.0,Suburban,0.0,79.0,279503.4034149301
3.0,4231.995823135777,1.0,Urban,0.0,50.0,1021360.3257113046
,4312.374975651118,4.0,Rural,2.0,71.0,518587.9351713799
2.0,1772.355603104429,2.0,Urban,2.0,59.0,433932.8873916003
4.0,2811.2497094494606,,Urban,1.0,13.0,726580.8027649561
1.0,4796.811468673106,3.0,Rural,0.0,32.0,581550.3474798416
6.0,508.45947586209786,3.0,Urban,3.0,5.0,411493.4856467594
1.0,4424.2175230115345,3.0,Urban,2.0,62.0,1020464.2680049748
3.0,2370.2175315830095,4.0,Rural,,11.0,260834.98253892775
2.0,4502.259122579799,2.0,Urban,0.0,8.0,1146672.3228836842
3.0,4173.8485323426385,2.0,Urban,1.0,15.0,1037705.314866106
2.0,3186.930965840239,1.0,Rural,2.0,78.0,363992.52280822874
3.0,2941.4046583951317,2.0,Suburban,0.0,93.0,531551.3719175123
,2527.153571617679,1.0,Rural,1.0,45.0,324865.163229536
5.0,2354.589186182472,3.0,Urban,2.0,81.0,811666.6233514587
,2890.924342556266,,Suburban,1.0,91.0,531305.8878631437
1.0,4357.890060623784,4.0,Rural,1.0,20.0,498711.5567849636
5.0,1740.2555240552545,5.0,Rural,0.0,94.0,312732.03226533695
,1008.244437850281,2.0,Suburban,2.0,68.0,194634.004380048
2.0,3464.7128156303174,1.0,Suburban,2.0,7.0,773861.8726438568
5.0,639.2194012910389,3.0,Urban,1.0,40.0,416445.7386727236
4.0,3856.663439661535,3.0,Rural,3.0,28.0,579706.340414522
5.0,2105.0193836379412,4.0,Suburban,1.0,,454754.1262558738
3.0,3124.6993301587045,2.0,Rural,1.0,89.0,226838.18630734255
2.0,4278.468450689556,3.0,Rural,2.0,72.0,580150.0341909649
6.0,1477.4409396104477,5.0,Urban,0.0,80.0,541148.7644314371
2.0,3798.045132536038,4.0,Urban,2.0,16.0,924271.59857998
6.0,2484.8247121285267,3.0,Urban,0.0,54.0,613489.7635034728
3.0,4126.300396780249,2.0,Suburban,0.0,44.0,788031.0832594994
5.0,707.5560395108023,1.0,Suburban,0.0,6.0,329938.6367701256
,3715.885737089259,2.0,Rural,2.0,34.0,518284.0867651182
2.0,700.5372055190562,1.0,Urban,1.0,0.0,292972.47449448647
4.0,3442.9734155291053,5.0,,0.0,52.0,546075.7755276558
4.0,4277.574092753451,1.0,Rural,1.0,55.0,608395.7842197246
1.0,4204.283070180471,3.0,Suburban,3.0,3.0,902297.6183291776
3.0,959.6728834589214,1.0,Rural,2.0,63.0,126603.15177107678
4.0,2495.5512637185684,5.0,Rural,0.0,6.0,401772.26287253795
5.0,1152.3428257091766,2.0,Rural,0.0,7.0,276091.3461249605
3.0,4530.770266667778,1.0,Suburban,0.0,65.0,780004.1133294372
5.0,1439.88831817583,5.0,Urban,0.0,9.0,605072.2280617468
3.0,4895.263573981605,3.0,Rural,2.0,52.0,627442.4025492398
2.0,,5.0,Urban,,,509585.2870673327
4.0,1702.636834071179,4.0,Urban,1.0,54.0,463644.1588032904
3.0,1207.9682600082272,4.0,Suburban,2.0,16.0,406717.1633088929
5.0,4616.290017304266,4.0,Suburban,3.0,44.0,1028827.4645868352
4.0,2001.062972624902,2.0,Urban,3.0,76.0,607435.9860524975
,3191.506832160581,3.0,Urban,1.0,12.0,803050.4912818631
5.0,4733.939103521292,1.0,Suburban,0.0,29.0,932549.0933930244
6.0,4027.292045454533,3.0,Rural,0.0,17.0,487943.9938942339
4.0,2805.281407595683,2.0,Urban,0.0,36.0,820669.7460560035
6.0,3112.137530225036,4.0,Urban,2.0,2.0,918659.944383718
2.0,1838.097717065775,3.0,Rural,3.0,88.0,271788.2033985602
4.0,2713.6899504757807,3.0,Rural,0.0,10.0,437083.73957027943
6.0,1065.759210465018,3.0,Suburban,1.0,,300990.8389284705
5.0,3763.3349661232583,2.0,Rural,3.0,45.0,574094.198294312
3.0,4181.930009367114,3.0,Suburban,1.0,6.0,891809.4041893267
3.0,2041.940696544119,3.0,Urban,3.0,64.0,589748.6743918101
2.0,701.841056106059,4.0,Suburban,3.0,25.0,270963.7994230934
3.0,4918.861357007654,1.0,Suburban,3.0,4.0,995042.0674193328
2.0,3253.7322740179898,4.0,Rural,2.0,60.0,407152.07199792867
2.0,2383.6127973077087,1.0,Suburban,3.0,85.0,442662.1397817569
5.0,2046.4843667409637,2.0,Urban,2.0,42.0,728686.7940081675
3.0,1250.9830303469191,2.0,Rural,2.0,79.0,88027.73284930534
6.0,4422.189772797038,3.0,Urban,0.0,13.0,1237660.3006954829
3.0,1286.4804927231974,,Suburban,3.0,32.0,352589.3782597929
5.0,2562.055926767752,1.0,Suburban,3.0,85.0,511538.191001519
4.0,2310.472061089502,,Rural,1.0,9.0,336074.64758968004
6.0,2613.846933458077,3.0,Suburban,1.0,86.0,539204.4294883214
4.0,2551.906740919716,4.0,Rural,0.0,,436538.95925581834
,4198.128997554891,3.0,Suburban,2.0,95.0,903561.9822889756
4.0,1928.8915154453168,5.0,Rural,0.0,15.0,324085.4902202757
6.0,2986.3112665222634,5.0,Rural,3.0,71.0,456544.3011533378
6.0,3237.84021146008,,Rural,0.0,14.0,518941.0372236434
5.0,3754.077232471494,1.0,Urban,3.0,49.0,888156.5445777831
3.0,2028.9597221800304,2.0,Urban,3.0,93.0,488114.7729873149
3.0,2179.669165082415,4.0,Urban,2.0,41.0,734559.9688613832
5.0,1444.2889768538423,3.0,Rural,2.0,76.0,184920.9420128986
6.0,3646.919188067917,3.0,Suburban,0.0,1.0,895468.2474558081
2.0,,5.0,Rural,0.0,,89148.20903063813
4.0,3004.866760715227,4.0,Rural,3.0,89.0,426605.603294729
6.0,2999.7294084763707,2.0,Rural,1.0,,371946.1937503785
2.0,1241.7110390604291,4.0,Suburban,0.0,89.0,56653.73180790129
6.0,4629.886201271198,5.0,Suburban,3.0,0.0,1236724.777344816
1.0,2613.3879860631905,,Rural,3.0,96.0,357399.7094356203
6.0,4699.0725548373875,1.0,Suburban,3.0,75.0,973081.3806731114
4.0,1565.5293919012342,1.0,Suburban,1.0,,320458.8947581137
3.0,2633.0289281742016,2.0,Rural,2.0,29.0,360999.2939800952
4.0,4761.661944824254,2.0,Urban,2.0,8.0,1316232.9775999077
5.0,3949.648357872395,3.0,Suburban,3.0,92.0,746243.5035530453
1.0,2582.833797571328,5.0,Urban,2.0,46.0,749595.0954809322
2.0,4713.202127359486,5.0,Suburban,0.0,89.0,866418.3193217162
1.0,3519.2435213412855,5.0,Suburban,3.0,94.0,587075.770175023
4.0,811.0975378397875,1.0,Rural,1.0,88.0,54324.247504974184
4.0,4071.847326712323,2.0,Urban,0.0,28.0,1080485.8143767992
3.0,4254.365146796454,2.0,Urban,0.0,70.0,981541.5311085142
4.0,3403.804268865726,1.0,Suburban,2.0,11.0,774088.8159674819
5.0,1173.2065228712863,5.0,Suburban,0.0,86.0,334596.015792812
3.0,2242.5677203014316,1.0,Suburban,2.0,89.0,429379.2030207
3.0,1177.346712485361,1.0,Suburban,2.0,1.0,419850.31850884296
5.0,1613.7953291318538,5.0,Suburban,1.0,91.0,373369.1925338413
4.0,2807.2411151568267,5.0,Rural,3.0,25.0,370854.51329038
6.0,3917.049475652897,2.0,Urban,1.0,22.0,1155302.4614959017
3.0,3346.4484948462255,2.0,,1.0,91.0,655522.4130428458
3.0,638.5552234720153,5.0,Rural,0.0,75.0,131725.6225103421
1.0,1445.1320728232672,5.0,,0.0,58.0,273615.02100317966
3.0,1341.1149827380773,3.0,Urban,0.0,,429923.8793996592
5.0,765.9225053521398,1.0,Suburban,1.0,,165010.80841387398
5.0,1188.427103728532,2.0,Rural,3.0,22.0,225260.4173702184
3.0,4525.892589099355,1.0,Suburban,3.0,86.0,769980.4032522875
5.0,3023.935085131779,1.0,Rural,0.0,47.0,396770.739638868
2.0,3809.076343995887,5.0,Suburban,3.0,42.0,799460.109739961
5.0,3982.5779979679937,4.0,Rural,,84.0,491500.9797467793
2.0,2503.6075052815468,2.0,Urban,0.0,91.0,558450.8491544792
6.0,3194.212910450484,4.0,Urban,3.0,45.0,920852.761115256
2.0,2402.1010102828527,5.0,Suburban,1.0,86.0,403061.46593682625
3.0,3719.709081946735,5.0,Rural,0.0,54.0,512219.72722613753
3.0,3344.9746898927706,1.0,Rural,1.0,8.0,337549.10386237875
1.0,2639.3297353253315,,Suburban,3.0,50.0,533031.7424660736
1.0,2363.9041650732365,1.0,Suburban,1.0,79.0,410167.51589528297
6.0,3819.045870917721,2.0,Rural,0.0,39.0,591744.921870489
6.0,4766.48744077149,5.0,Urban,1.0,87.0,1205668.9329412703
1.0,918.6371890701224,3.0,Suburban,0.0,32.0,155915.29361194404
5.0,2490.8447141630127,,Urban,0.0,28.0,783700.0228131823
5.0,1662.9422913131814,3.0,,0.0,2.0,597811.7380277289
2.0,2210.335290217424,4.0,Suburban,0.0,81.0,464608.5508926688
2.0,4021.618729331021,2.0,Rural,3.0,35.0,576253.2190832316
4.0,1453.9212090600734,1.0,Urban,0.0,15.0,490396.759845279
3.0,2547.1350027841418,5.0,Suburban,1.0,53.0,481040.8655310705
3.0,4741.4567285460735,2.0,Rural,2.0,43.0,654790.332430939
5.0,3194.6373337257114,4.0,Rural,0.0,54.0,440528.0127411427
3.0,4217.175732499573,2.0,Suburban,0.0,42.0,952787.239245248
2.0,4019.770683910608,1.0,Rural,3.0,46.0,533368.1931171753
1.0,3908.668481552378,5.0,Urban,3.0,61.0,1062693.4786804598
6.0,4868.447929136523,5.0,Rural,0.0,17.0,753765.3654608654
1.0,4631.935998302489,3.0,Urban,2.0,,1079400.1101257226
1.0,4424.6106501011445,1.0,Urban,3.0,32.0,1017097.6053285096
3.0,1443.888264576566,4.0,Urban,1.0,90.0,401980.1615122483
3.0,3414.7092697831467,5.0,Rural,2.0,50.0,489630.2251230577
4.0,4039.350720758812,5.0,Rural,2.0,96.0,537453.3058254619
1.0,4045.5589473151927,5.0,Urban,2.0,29.0,1073598.5947508523
3.0,4251.394103647813,,Rural,2.0,56.0,579741.3340891241
2.0,4683.276152940579,5.0,Suburban,1.0,79.0,920147.2142143252
2.0,,2.0,Urban,3.0,9.0,510305.61114365695
5.0,2771.80196851858,2.0,Suburban,0.0,49.0,679487.1964208211
2.0,2924.6585406782856,2.0,Suburban,0.0,17.0,653231.3342769109
4.0,2207.113654650907,2.0,Suburban,1.0,88.0,337453.655932017
6.0,4956.628018992674,3.0,Urban,0.0,71.0,1216912.699695459
,3189.7560436513895,1.0,Rural,3.0,14.0,469968.3505299811
6.0,4713.445192861206,2.0,Urban,2.0,15.0,1405727.0738398274
6.0,4331.518868980694,1.0,Suburban,1.0,21.0,906683.909935343
3.0,647.643308578738,4.0,Urban,3.0,6.0,460423.6788174672
1.0,790.7750592983876,3.0,Suburban,1.0,54.0,143356.57880183135
6.0,3035.4751730680646,1.0,Suburban,0.0,18.0,689535.6779539202
,3515.4321557492376,4.0,Suburban,3.0,63.0,857416.282749985
6.0,4233.144005893627,5.0,Urban,2.0,96.0,1090462.8963715958
5.0,3225.898864125755,4.0,Rural,3.0,2.0,576150.2556222768
,4787.588874205824,2.0,Suburban,3.0,87.0,756617.7914950248
5.0,2628.0370976490717,4.0,Urban,1.0,34.0,815792.6141583686
,2094.2049417847097,3.0,Rural,0.0,9.0,376013.1550719602
5.0,3500.899972479147,3.0,Urban,2.0,47.0,1007008.4172726048
4.0,4539.5360270508045,3.0,Suburban,0.0,82.0,874101.4573244756
4.0,3230.9480370961846,1.0,Suburban,0.0,1.0,661837.8156105034
1.0,3958.699121548288,4.0,Suburban,2.0,23.0,812115.3736191526
1.0,962.3671360359052,3.0,,2.0,27.0,409582.28390033415
4.0,2720.754464694837,3.0,Urban,2.0,60.0,743733.6129358918
2.0,4070.332661665268,4.0,Suburban,0.0,22.0,830986.2574791716
2.0,3843.8669283412105,4.0,Urban,0.0,37.0,1030112.09201805
3.0,3860.494877901731,,Rural,2.0,17.0,443839.23438788345
1.0,2437.430942782355,1.0,Urban,0.0,50.0,487604.3316627791
4.0,3634.8227204782543,1.0,Urban,,76.0,827234.137247062
1.0,,5.0,Rural,,62.0,134344.02465259412
4.0,2295.706757617,3.0,Suburban,3.0,,609447.1268845764
3.0,1518.2559869640431,3.0,Rural,3.0,70.0,211680.62385239295
5.0,691.8494417916473,1.0,Urban,0.0,11.0,299329.90319739864
4.0,2522.45225846182,5.0,Suburban,0.0,79.0,473554.905282616
5.0,3244.2431247441255,5.0,Rural,2.0,,529449.5532948886
4.0,3354.528828700419,3.0,,3.0,97.0,827361.1849320384
6.0,4863.234770816429,5.0,Urban,3.0,83.0,1301198.464010023
3.0,942.0574648508622,4.0,Rural,1.0,61.0,187392.98128496663
,2802.5662396168027,3.0,Suburban,3.0,28.0,629097.6180009727
2.0,4875.889995680465,5.0,Urban,2.0,23.0,1243280.1755735832
3.0,2185.1617998560764,2.0,Rural,0.0,41.0,317428.8087288228
1.0,,3.0,Rural,0.0,72.0,382692.2562790848
5.0,2254.4255882369484,5.0,Urban,0.0,96.0,605537.8993793484
5.0,2657.094980620333,3.0,Rural,0.0,64.0,313297.0379352391
4.0,3538.130275173506,1.0,Suburban,3.0,53.0,713146.5041877266
4.0,1372.792402704987,2.0,Urban,3.0,,246645.4636464639
2.0,1636.3750193393869,5.0,Rural,2.0,90.0,161167.09671084606
2.0,2892.098285487469,1.0,Suburban,3.0,13.0,605249.4793955542
2.0,1858.625150348758,5.0,Rural,2.0,88.0,98559.32677539492
1.0,4426.861111460758,2.0,Suburban,0.0,46.0,822587.5368006094
6.0,2276.304592301726,2.0,Suburban,2.0,4.0,574066.6152185024
5.0,1310.8808935766656,3.0,Suburban,1.0,39.0,403590.7916444383
2.0,2263.362333840855,1.0,Urban,0.0,57.0,510239.00424488867
2.0,1252.0940516204955,4.0,Rural,2.0,60.0,239150.36341715255
3.0,2279.8182643205687,3.0,Suburban,3.0,45.0,600895.9357393448
1.0,3980.9250119055378,4.0,Suburban,1.0,97.0,726177.8039968683
5.0,1968.5229391939424,2.0,Rural,2.0,92.0,351347.0017746511
6.0,3677.869323335114,2.0,Rural,3.0,42.0,585562.171183959
5.0,,5.0,Suburban,2.0,,436471.30831619486
4.0,2390.5342753147625,4.0,Suburban,3.0,91.0,470808.78401757986
1.0,888.9107484314592,3.0,Rural,1.0,21.0,78725.4444211974
3.0,3362.3184367842127,2.0,Urban,,32.0,757638.0408582779
5.0,2129.7931465942775,5.0,Urban,1.0,1.0,730557.5442362499
3.0,2823.9097469837498,3.0,Suburban,3.0,54.0,570523.7140219568
2.0,1749.8868068716752,4.0,Rural,2.0,46.0,303548.33934436546
6.0,1492.197956100979,3.0,Suburban,2.0,57.0,551374.3151065045
,3208.3492264790384,4.0,Rural,3.0,87.0,470295.1095488224
6.0,2973.228208388405,1.0,Urban,3.0,23.0,821533.4036563551
4.0,2499.887537380407,3.0,Suburban,2.0,72.0,479377.22510818194
1.0,1267.150721782629,1.0,Rural,0.0,27.0,137763.33950017267
1.0,2259.6924337617847,5.0,Rural,3.0,0.0,388309.4109174813
4.0,1697.0867510242133,3.0,Suburban,3.0,56.0,483629.49912144616
3.0,569.7874878196648,3.0,Rural,1.0,19.0,73014.45884907007
1.0,2532.6356865425723,,Urban,0.0,49.0,654013.9031431334
6.0,2756.819576658802,2.0,Rural,3.0,51.0,448775.3981659271
3.0,3161.3304174011964,,Suburban,2.0,64.0,610507.2876639004
1.0,4753.013849402039,2.0,Suburban,3.0,68.0,912924.0322351092
6.0,1618.6111597172394,3.0,Rural,2.0,44.0,264308.6660291661
6.0,1360.3581565915506,3.0,Urban,3.0,67.0,573217.3015483783
2.0,3816.9344769442305,3.0,Suburban,2.0,55.0,785928.008939575
1.0,650.2262080387155,4.0,Rural,3.0,9.0,209624.00614282367
5.0,603.0222123925411,1.0,Urban,2.0,89.0,131654.95281739737
6.0,1951.3759003088685,5.0,,2.0,44.0,640303.4555649398
4.0,3521.5472070258947,5.0,Rural,0.0,4.0,510554.4613031222
5.0,661.72403714699,5.0,Rural,1.0,61.0,245318.34416627337
5.0,4740.419253529368,5.0,Rural,2.0,79.0,716985.83163789
4.0,2274.643957182576,4.0,Urban,3.0,38.0,673935.795329956
6.0,4456.648016808731,5.0,Urban,3.0,50.0,1279305.404677478
3.0,4387.827113307546,2.0,Rural,1.0,83.0,536597.411201101
1.0,2872.6933141186546,2.0,Suburban,2.0,31.0,562783.2929155107
6.0,4827.495811796659,1.0,Urban,2.0,51.0,1127897.695429501
4.0,4139.975577363476,3.0,Urban,1.0,67.0,1035166.6783054397
5.0,4378.941087819226,5.0,Urban,0.0,,1196464.023182746
2.0,4177.6354011506955,4.0,Rural,3.0,50.0,621758.6225155529
4.0,3653.904361376444,5.0,Urban,0.0,53.0,958933.0386489038
5.0,1596.782671359538,1.0,Suburban,1.0,80.0,353766.18401554745
2.0,2955.133322011165,4.0,Suburban,2.0,51.0,609131.6427576941
1.0,3483.5330576379915,2.0,Suburban,3.0,7.0,700985.6129737092
1.0,954.2353998988468,,Urban,1.0,40.0,324572.82963832165
2.0,2940.6364924088225,5.0,Rural,0.0,68.0,448645.1818472363
1.0,2527.0938574601823,5.0,Suburban,2.0,50.0,477212.1526371012
6.0,1124.9209687843263,3.0,Suburban,0.0,53.0,335372.6215013295
4.0,1034.934760296824,3.0,Urban,0.0,84.0,305895.90852053347
5.0,3477.3455766701604,2.0,Suburban,,60.0,814241.9998305913
2.0,501.49627754220234,4.0,Urban,3.0,74.0,154764.1867405451
4.0,4532.1835984574855,3.0,Rural,3.0,79.0,656231.0580787648
4.0,3552.7047028481384,2.0,Suburban,1.0,3.0,757113.4937001779
4.0,2596.1576315911184,3.0,Suburban,1.0,79.0,550710.195821728
,2973.27219673516,1.0,Urban,1.0,64.0,789884.0666174145
2.0,998.6358298091316,2.0,Urban,0.0,21.0,351029.30727107555
6.0,2058.447958650516,3.0,Rural,3.0,71.0,242176.72876851296
6.0,3285.2668685347467,5.0,Rural,3.0,36.0,539632.1706080929
1.0,4795.970135149883,2.0,Suburban,1.0,20.0,923648.6517089844
6.0,985.7467159090896,5.0,Urban,3.0,16.0,633638.8592049578
1.0,,5.0,Rural,0.0,68.0,405334.924269804
,3524.2521743851403,,Rural,2.0,13.0,606369.101981318
1.0,4391.087864150931,2.0,Rural,1.0,59.0,604533.6027835881
2.0,2295.950846331754,2.0,Suburban,2.0,16.0,483048.3571313981
1.0,3760.3258312937814,1.0,Rural,1.0,48.0,484211.9852984728
2.0,4019.0690071983527,3.0,,1.0,50.0,493809.7485122688
2.0,2278.426668394866,,Rural,0.0,92.0,244774.76235946556
4.0,4476.693513473387,4.0,Suburban,0.0,98.0,849878.2034378566
5.0,3086.5079941898684,3.0,Urban,1.0,95.0,712896.5563399991
4.0,1404.9442734920035,4.0,Suburban,3.0,44.0,404908.68132512533
3.0,2206.5194173120203,4.0,Suburban,2.0,26.0,554630.8689137948
6.0,3518.039864220465,4.0,Rural,1.0,76.0,460598.5757768328
2.0,1710.5884105923972,1.0,Suburban,0.0,57.0,230144.6228874346
4.0,2294.7621336667826,5.0,Suburban,1.0,,507706.814686424
2.0,1026.797186408759,2.0,Rural,0.0,17.0,117062.56091366443
3.0,2244.178541672463,4.0,Rural,3.0,40.0,327731.6885087932
5.0,2938.9553370039466,3.0,Rural,3.0,51.0,383254.1535624083
2.0,2086.711726679862,4.0,Urban,0.0,73.0,605590.4418561349
5.0,671.0983170685471,1.0,Urban,,7.0,415731.8096762591
2.0,2670.189625634865,4.0,Urban,0.0,69.0,638828.9438512134
6.0,1523.3427313762052,2.0,Rural,3.0,27.0,274362.35968915926
3.0,4743.427175672191,1.0,Urban,0.0,38.0,1045119.350634252
6.0,3040.830729487684,3.0,Rural,3.0,22.0,550596.166802041
5.0,4658.120916915797,2.0,,,79.0,1217779.6328266424
3.0,2216.484686359902,1.0,Urban,3.0,29.0,572926.2977396875
2.0,1828.5881112033896,3.0,Suburban,0.0,5.0,476778.73584771075
2.0,3892.233652561484,3.0,Rural,1.0,88.0,501862.18942157814
5.0,4707.474943274445,2.0,Suburban,0.0,85.0,874695.2856980835
4.0,2578.761215019301,2.0,Urban,1.0,54.0,756981.2000867098
2.0,4566.235299560578,2.0,Rural,0.0,10.0,589504.3670128317
6.0,2305.877108988705,4.0,Urban,2.0,59.0,726679.4650804057
,623.8363331318689,5.0,Urban,1.0,73.0,257998.7258413537
1.0,2995.9580661579303,3.0,Rural,3.0,5.0,429863.7047529736
5.0,2339.497675531094,5.0,Suburban,,46.0,603753.3177140041
2.0,,5.0,Urban,3.0,66.0,528910.1953963677
3.0,2895.1588901703926,1.0,Rural,2.0,50.0,340664.2930999869
4.0,4382.9622631058555,4.0,Rural,0.0,0.0,606393.4147606677
6.0,3793.8113041353554,3.0,Suburban,0.0,90.0,850898.8112209104
6.0,3106.6985921923706,1.0,Urban,2.0,23.0,829982.7511749616
5.0,2191.9680047359016,5.0,Urban,0.0,28.0,804681.3904312077
6.0,5415.394114260229,5.0,Rural,2.0,87.0,993357.8942544227
1.0,3344.7177463390585,4.0,Suburban,2.0,8.0,667927.4066938974
4.0,,4.0,Suburban,2.0,,404386.3354342755
5.0,1899.1801850339937,,Rural,3.0,48.0,288992.29533599585
5.0,4542.177322817177,4.0,Suburban,3.0,8.0,1021102.110295894
3.0,3513.2117726028287,1.0,Urban,1.0,69.0,733198.0353256448
6.0,,5.0,Rural,0.0,,432249.8534216096
1.0,2679.549918311789,4.0,Suburban,2.0,33.0,557528.3610759737
3.0,1682.0403916939329,4.0,Rural,2.0,61.0,253349.95698059228
4.0,1761.505073561844,5.0,Suburban,,86.0,517725.0336407691
6.0,,1.0,Suburban,1.0,84.0,640165.3806604353
1.0,3080.072055358481,,Urban,3.0,,762039.8345547755
1.0,763.0457634884925,3.0,,1.0,28.0,215815.84370292985
2.0,938.2702664909848,3.0,Urban,0.0,,282982.1477167968
3.0,2656.3245324961995,4.0,Suburban,,51.0,657266.5804118844
3.0,2971.8939716604677,5.0,Rural,3.0,43.0,516370.4047421719
4.0,4871.898690757649,1.0,Urban,3.0,82.0,1176363.3645653164
5.0,,5.0,Suburban,1.0,78.0,472325.74011558737
3.0,2038.116674714821,1.0,Urban,2.0,25.0,546901.9377623501
5.0,1949.4860190313348,4.0,Rural,0.0,25.0,316794.8846002124
5.0,3323.689573029257,4.0,Rural,3.0,90.0,456260.6943046636
,1661.7796438602616,5.0,Rural,0.0,31.0,386130.139479976
3.0,767.6220599027635,2.0,Rural,1.0,32.0,212044.9428290048
4.0,4083.082680032845,2.0,Rural,3.0,9.0,651579.4903360684
1.0,613.1388122477273,2.0,Rural,3.0,51.0,134263.93124164466
5.0,4826.810025423882,5.0,Suburban,1.0,40.0,924583.035936723
3.0,4040.3765081949664,4.0,Suburban,3.0,78.0,788674.1499545514
2.0,1353.6268167860474,1.0,Rural,3.0,98.0,114915.89949278894
5.0,,5.0,Suburban,1.0,5.0,564065.9429268041
5.0,4042.069711707218,,Rural,0.0,36.0,514667.50029717106
3.0,,1.0,Rural,2.0,42.0,497032.0254978763
4.0,2319.078783398941,5.0,Rural,1.0,76.0,301686.52642370324
1.0,3639.903242330433,4.0,Suburban,2.0,62.0,680542.8146484633
5.0,7319.690027727971,2.0,Rural,1.0,5.0,1208030.0226331053
2.0,976.6882065132183,,Urban,2.0,22.0,317842.09956245025
6.0,2365.1137199270447,1.0,Urban,2.0,54.0,699453.9804700826
1.0,4022.1321833486713,4.0,Suburban,1.0,,776557.3783419286
6.0,2234.1914737131283,5.0,,1.0,87.0,293721.27240625734
5.0,2525.5599458889183,,Rural,0.0,20.0,386049.777217465
4.0,3407.405555581286,2.0,Suburban,3.0,71.0,764863.5633834592
6.0,4535.214304280551,2.0,Suburban,,20.0,945220.8786453996
6.0,990.0199129146758,3.0,Suburban,,33.0,422445.207631005
1.0,3586.600719724386,5.0,Suburban,0.0,64.0,781405.3535044997
4.0,,4.0,,3.0,9.0,148857.69323379654
5.0,3010.9133245218795,4.0,Rural,1.0,47.0,406749.01352398045
3.0,2666.000194410492,5.0,Urban,3.0,25.0,814406.2871050297
4.0,4918.0941196728245,2.0,Rural,0.0,76.0,641970.9687025638
2.0,4175.406185537877,1.0,Rural,1.0,87.0,626709.3434188433
6.0,1422.4154428706738,5.0,Urban,,81.0,501743.3458634296
2.0,3222.2926521074337,5.0,Rural,2.0,53.0,370909.53185552626
3.0,3912.912580411,2.0,Urban,2.0,60.0,938514.5758829048
3.0,3849.2557951773,5.0,Urban,3.0,31.0,981552.3861930668
2.0,2892.197590719939,1.0,Urban,2.0,0.0,763870.5511284756
3.0,2924.130503043676,2.0,Urban,0.0,85.0,609532.9827829902
,1251.1898186787566,1.0,Rural,2.0,23.0,164714.48122808512
3.0,4450.930236431756,2.0,Urban,1.0,64.0,1051519.88319313
6.0,4038.241805406926,4.0,Rural,2.0,37.0,717981.2667357011
2.0,,1.0,Rural,2.0,8.0,662462.4204520148
6.0,3450.7565265274534,3.0,Suburban,0.0,50.0,788618.1363428115
3.0,3261.9983846706455,1.0,Suburban,0.0,26.0,609219.1643640066
1.0,2506.0591155975303,4.0,Suburban,0.0,45.0,481404.4379149692
2.0,,3.0,Rural,1.0,1.0,607693.57338032
4.0,1323.5694990562722,5.0,Suburban,1.0,1.0,412141.2506794011
5.0,1525.2908789439948,2.0,Suburban,1.0,54.0,390008.07242855
6.0,1171.5700007757926,4.0,Suburban,1.0,37.0,346243.1132581584
,6052.566292198175,5.0,Urban,1.0,43.0,1415003.9625781965
1.0,2645.129637685216,3.0,Urban,1.0,16.0,705271.8041891905
4.0,4249.926821628556,1.0,Urban,2.0,24.0,1026076.1344425648
4.0,3949.952608401827,3.0,Suburban,1.0,2.0,856747.0017238887
6.0,3590.874489537631,5.0,Suburban,3.0,59.0,846150.5420758128
4.0,4136.101834579488,1.0,Urban,1.0,25.0,1101383.9573711
3.0,3866.863576905489,1.0,Rural,0.0,55.0,468733.2917748566
5.0,3263.3659003313123,2.0,Urban,1.0,55.0,815207.2419929231
1.0,3629.37041747624,4.0,Suburban,2.0,96.0,701290.1742526705
3.0,4998.712118701613,2.0,Rural,3.0,19.0,756986.0874230568
3.0,4238.098297340346,2.0,Suburban,1.0,22.0,899466.8254410201
3.0,4965.8693022026155,2.0,Urban,2.0,55.0,1192463.6177548831
2.0,3378.225025299568,2.0,Suburban,0.0,30.0,645324.8145453979
4.0,2689.689480096889,4.0,Rural,0.0,71.0,332940.31454272533
5.0,4907.978781717906,1.0,Rural,2.0,59.0,654315.8611394707
3.0,2864.77079885888,5.0,Suburban,2.0,80.0,638681.7414121759
1.0,3976.8022735222216,1.0,Urban,3.0,96.0,849889.765894342
5.0,3878.2827814970624,4.0,Rural,3.0,14.0,606283.0858348779
3.0,3359.4964054678517,5.0,Suburban,0.0,39.0,725656.44157217
1.0,2267.571991142045,5.0,Rural,2.0,52.0,370856.47120428627
4.0,2628.0138453493196,4.0,Rural,1.0,42.0,400639.8588428897
2.0,3443.3410791739916,2.0,Suburban,0.0,63.0,665255.0832854328
4.0,2371.0887530935256,4.0,Rural,0.0,21.0,413465.3992616541
,2636.9894457779837,2.0,Suburban,2.0,96.0,427880.6741954229
1.0,2907.614770695198,1.0,Suburban,3.0,34.0,474457.8120272597
4.0,4279.837911269821,1.0,Urban,1.0,7.0,1172134.9439408565
4.0,3564.386722572101,3.0,Urban,,87.0,837012.5442522896
6.0,3073.6049173277033,3.0,Rural,0.0,10.0,520975.31410218094
3.0,1274.4015318286672,3.0,,2.0,79.0,218409.7971870511
3.0,4536.310686905905,5.0,Rural,2.0,28.0,669384.290506012
6.0,1469.0497162214867,4.0,Rural,3.0,83.0,310192.449747787
6.0,2695.3303873658288,2.0,Urban,1.0,53.0,753151.7645725046
5.0,,4.0,Suburban,0.0,91.0,497065.43935892056
3.0,2423.7582409765027,4.0,Urban,3.0,73.0,645011.6269230007
5.0,3914.043755499522,1.0,Suburban,1.0,11.0,835444.5108802713
6.0,4287.755127851043,4.0,Rural,0.0,78.0,638798.0642091325
3.0,2869.8070877103182,4.0,Suburban,2.0,54.0,632633.9311087247
4.0,3141.777684655179,,Rural,3.0,80.0,406032.6464646987
6.0,3872.9546801099978,1.0,Urban,,80.0,1000681.2627855598
1.0,2967.7191628804426,1.0,Rural,0.0,96.0,336577.36616004305
3.0,7098.933664060859,5.0,Rural,0.0,70.0,1124902.2978652143
6.0,3325.9702217184413,5.0,Urban,1.0,97.0,957529.0751744516
3.0,622.2875724087987,3.0,,3.0,77.0,201310.5243268039
1.0,3452.603081092613,3.0,Rural,2.0,0.0,535220.8744223187
2.0,4574.861565483532,2.0,Suburban,1.0,15.0,916044.0310278332
3.0,775.9893003947718,2.0,Rural,3.0,53.0,105454.11800582944
4.0,2380.9547024171793,1.0,,2.0,69.0,534853.0846550897
1.0,646.7807675370493,5.0,Suburban,2.0,39.0,263704.9952760648
5.0,1047.928600063737,5.0,Rural,3.0,97.0,229839.9635522179
1.0,891.6753316444639,1.0,Urban,0.0,63.0,214461.01337338053
4.0,2951.8149158803203,3.0,Suburban,3.0,41.0,652523.088255821
1.0,549.642264181096,5.0,Suburban,1.0,64.0,57672.22182318439
5.0,2166.7864382388793,1.0,Rural,1.0,94.0,262420.49034206755
4.0,2975.413732061702,1.0,Urban,3.0,15.0,830313.6233267237
6.0,4213.7874870480355,4.0,Suburban,3.0,,938277.7883051656
,2960.0836479467994,4.0,Suburban,1.0,98.0,683036.5749625294
2.0,3738.4421747473866,2.0,Urban,2.0,26.0,906231.2383159556
2.0,2600.5193475403457,5.0,Rural,2.0,45.0,356604.37461665267
,1073.2388720015267,3.0,Urban,0.0,91.0,378997.20565028343
4.0,2382.799049004437,5.0,Urban,3.0,,741917.7853306442
2.0,,1.0,Suburban,3.0,80.0,765591.3227572518
2.0,4660.524749195622,3.0,Rural,3.0,58.0,657268.8078669322
4.0,2180.840796048594,1.0,Suburban,3.0,23.0,476513.0227868209
5.0,4905.308781684968,2.0,Rural,0.0,30.0,669806.3145351217
1.0,4708.8369434539745,2.0,,2.0,36.0,860894.4081984982
4.0,2589.9495630149427,4.0,Suburban,2.0,37.0,571865.890523492
2.0,2527.7884552839105,4.0,Urban,0.0,8.0,664559.7085676349
,4618.657332130204,4.0,Urban,0.0,48.0,1097137.439402062
6.0,1375.5124543338543,5.0,Rural,0.0,66.0,245268.5314043055
5.0,527.3993670792759,3.0,Urban,0.0,86.0,263805.0924515774
5.0,4062.741166676059,4.0,Rural,0.0,6.0,581781.3521336811
5.0,3106.2886491862496,4.0,Rural,1.0,50.0,490772.3375962457
,,2.0,Suburban,3.0,51.0,266620.10965262016
1.0,1033.2156144578023,5.0,,3.0,18.0,381996.937898712
4.0,,1.0,,2.0,,120301.87257034898
2.0,3392.685116600784,3.0,Suburban,0.0,10.0,787976.2695017979
6.0,2370.3898400865755,4.0,Rural,2.0,62.0,382215.5373702573
4.0,1588.4999759936568,4.0,Suburban,1.0,33.0,484458.6790882502
6.0,3973.359767817296,5.0,Suburban,,31.0,949990.449293095
3.0,2759.225960698012,5.0,Urban,0.0,6.0,873238.4835344527
3.0,2323.8958238858454,2.0,Urban,0.0,87.0,527815.9825059188
4.0,,5.0,Rural,1.0,76.0,317884.3956667528
1.0,2102.8354120291738,5.0,Urban,2.0,24.0,636867.0877462456
1.0,,5.0,Urban,2.0,18.0,730995.3683020937
6.0,509.46729429147535,3.0,Suburban,3.0,26.0,324476.64728855074
1.0,1126.0213200098938,,Urban,,,207519.45858357585
6.0,698.7287128002407,5.0,Rural,3.0,67.0,259038.61240045703
3.0,1644.0106095387196,5.0,Rural,0.0,,277537.612131199
2.0,2174.9017632134864,2.0,Suburban,2.0,26.0,434089.8723534487
2.0,546.9246472883138,4.0,Urban,0.0,81.0,215877.1524896473
1.0,2180.5816826487803,,Urban,1.0,2.0,655813.1959476176
6.0,3317.792772169122,1.0,Rural,0.0,5.0,498965.6400585542
,1247.1544103728795,5.0,Suburban,0.0,73.0,404390.2774578944
3.0,4311.134276398519,4.0,Rural,,94.0,511107.842977128
6.0,3123.429917740711,1.0,Urban,,47.0,901025.7837140356
1.0,2233.04053956125,1.0,Rural,3.0,4.0,324294.9893895817
3.0,4505.256614593636,,Urban,0.0,69.0,1034269.2853850876
1.0,3097.623788458759,4.0,Urban,1.0,25.0,686819.6766153451
2.0,,5.0,Rural,0.0,73.0,194391.67506146897
2.0,3918.120845515843,1.0,Suburban,2.0,56.0,727288.1701565147
3.0,1153.3843079809712,2.0,Suburban,3.0,41.0,338561.072415568
5.0,3803.1339316518784,2.0,Urban,1.0,56.0,1012118.492938882
5.0,1514.9359846657967,2.0,Suburban,3.0,76.0,308099.6489824603
3.0,4868.374809518016,3.0,Rural,1.0,58.0,542844.719533522
1.0,,1.0,Rural,2.0,31.0,308947.487878232
6.0,2634.5124945779626,1.0,Suburban,2.0,40.0,647159.9026099043
4.0,,1.0,Urban,2.0,81.0,496113.9695476779
1.0,,4.0,Rural,3.0,58.0,643529.2884402022
,4459.1741867387245,4.0,Suburban,3.0,86.0,882533.1143043508
2.0,2288.2162571839244,4.0,Urban,,31.0,668339.9736213713
6.0,2468.6686697369437,3.0,Urban,3.0,61.0,759739.8831232606
1.0,1655.1240273952062,4.0,Urban,2.0,99.0,410393.8742773029
5.0,2221.3682610980372,4.0,Urban,2.0,,610153.6421600692
1.0,2121.700189686564,1.0,Urban,2.0,53.0,447340.8308889696
4.0,1546.9049235320645,1.0,Rural,3.0,83.0,135185.0678619417
4.0,1649.720050950221,4.0,,1.0,69.0,380931.8175108664
1.0,1402.9295783169257,3.0,,1.0,85.0,180929.83535624517
6.0,4915.563684549367,4.0,Rural,0.0,97.0,651623.9170762715
2.0,1005.3695498504862,3.0,Suburban,3.0,0.0,328720.36524421757
4.0,1147.7386110750388,3.0,Suburban,,82.0,254409.3963606538
4.0,4944.468165535633,4.0,Rural,3.0,47.0,718085.2494324637
5.0,3362.191109509857,3.0,Suburban,1.0,15.0,792057.5626788856
2.0,4398.7393141310395,,Suburban,2.0,38.0,903073.7438139032
2.0,803.2304965348513,5.0,Suburban,3.0,79.0,226766.08340526008
4.0,990.9933429458738,4.0,Suburban,2.0,74.0,207765.6745301683
1.0,847.1532584281184,4.0,Rural,1.0,77.0,147555.0284187361
4.0,955.6696157682152,5.0,Rural,3.0,72.0,182645.56976121163
6.0,3916.6192987737927,2.0,Suburban,0.0,34.0,856928.0306482931
6.0,978.5467681509856,3.0,Urban,1.0,58.0,463889.3350425151
1.0,3388.3698148490994,3.0,Suburban,3.0,56.0,609382.0268734164
1.0,2188.6695699919983,1.0,Urban,2.0,49.0,404124.3889302564
2.0,921.9061429050048,2.0,Rural,0.0,53.0,103280.56487253885
1.0,,2.0,Urban,1.0,71.0,437627.8105622716
6.0,2010.532248675768,2.0,Rural,3.0,,290829.1993172751
4.0,703.9367553240257,2.0,Suburban,3.0,14.0,259037.44590180813
3.0,3604.004821616545,2.0,Rural,0.0,18.0,461783.7220493651
4.0,692.7689980360096,5.0,Suburban,3.0,14.0,337222.2002291477
3.0,1243.4177270203256,1.0,Suburban,2.0,,239588.9447204971
3.0,1720.1634642508316,3.0,Urban,0.0,30.0,556405.8343378828
5.0,638.860569386326,2.0,Rural,0.0,60.0,50000.0
5.0,1354.168863374702,1.0,Urban,1.0,21.0,540164.146064501
6.0,781.440021038158,5.0,Suburban,1.0,14.0,456257.3955559567
3.0,630.8212115477918,5.0,Urban,,18.0,345605.77060441085
2.0,3301.338630783853,5.0,Suburban,1.0,54.0,729168.8653281746
5.0,2371.7475706183477,2.0,Urban,2.0,21.0,784313.1087466058
3.0,3714.848436319692,5.0,Urban,0.0,52.0,1062944.5637430276
6.0,4771.438820917305,2.0,Rural,3.0,71.0,656933.2287157628
3.0,2205.0962512646647,1.0,Rural,1.0,29.0,289497.39847463235
3.0,2372.5464263199156,3.0,Urban,3.0,73.0,672224.0790487906
6.0,3828.520853270437,5.0,Suburban,3.0,17.0,906726.030746948
6.0,,5.0,Urban,3.0,25.0,514618.48311374814
3.0,3260.6291238762933,4.0,Suburban,0.0,82.0,681783.2278702353
5.0,3096.682990078599,3.0,Rural,1.0,65.0,424600.11649496417
6.0,4741.390883840525,2.0,Rural,2.0,43.0,743308.2147681955
6.0,737.6178221083763,2.0,Suburban,3.0,46.0,229190.9437968546
1.0,2018.0306345766055,5.0,Suburban,1.0,34.0,442765.9061386908
6.0,1644.4489153024251,2.0,Suburban,0.0,68.0,443023.00465033704
3.0,2960.8683843880676,4.0,,2.0,28.0,701473.2482928351
6.0,4190.056831037102,3.0,Suburban,1.0,54.0,940197.9539192818
4.0,4021.182160537721,2.0,Suburban,3.0,68.0,894590.1916586295
4.0,4472.304713030399,2.0,Rural,2.0,85.0,655823.1379231397
2.0,2305.345613175422,3.0,Urban,1.0,50.0,606443.9334048833
4.0,559.6296507675975,4.0,Rural,0.0,92.0,165079.30735178583
3.0,3078.6864301888218,5.0,Rural,1.0,30.0,596982.0865746853
2.0,4139.554930535923,2.0,Urban,2.0,88.0,927075.8258341744
5.0,3964.751151132555,,Suburban,,92.0,862714.159648295
2.0,2360.3740218286766,4.0,Rural,2.0,66.0,325666.72817592655
2.0,1032.8676762916934,4.0,Urban,2.0,16.0,401004.9698773453
2.0,791.091020818092,,Urban,2.0,78.0,240791.83782799897
6.0,3729.361036588833,5.0,Urban,3.0,52.0,1006680.302068884
1.0,3400.6602863405465,5.0,Suburban,2.0,16.0,705697.7173764398
5.0,3792.761314538958,5.0,Suburban,1.0,0.0,898450.9568508341
4.0,1904.666255134012,5.0,Urban,0.0,60.0,648007.0246956852
3.0,3801.271235190406,2.0,Suburban,3.0,29.0,768154.3345620476
1.0,3327.953213385495,2.0,Suburban,3.0,51.0,672354.7581937504
1.0,2936.163245707709,1.0,Urban,2.0,94.0,665870.9227682088
6.0,2213.103565223896,3.0,Rural,1.0,2.0,385151.3000974578
1.0,3228.66924995019,5.0,Urban,2.0,2.0,889580.2376192948
2.0,,4.0,Rural,0.0,,145866.96093237516
3.0,4348.431432582665,3.0,Urban,,55.0,1098716.1493792655
5.0,4581.242639756752,4.0,Rural,0.0,30.0,660828.9061078045
2.0,4033.709651822068,2.0,Urban,1.0,98.0,913851.398385409
5.0,2365.3222916755653,2.0,Rural,3.0,,366453.33858283126
5.0,1903.9280914688832,,,3.0,44.0,653555.2796656812
3.0,3214.8131257172436,3.0,Suburban,2.0,11.0,692212.5653190536
3.0,3729.0745612921746,3.0,Urban,2.0,39.0,987327.3183173118
1.0,3788.732636918944,3.0,Urban,3.0,84.0,876535.2128380013
1.0,1213.808650368701,4.0,Suburban,1.0,89.0,214007.42882684356
6.0,1909.2289766777703,2.0,Urban,3.0,99.0,614118.9957524638
3.0,4677.428897818597,3.0,Urban,1.0,90.0,1189103.1846309854
3.0,696.8103164598626,2.0,Suburban,2.0,37.0,176174.3889051404
6.0,2900.80366384863,5.0,Suburban,0.0,83.0,629364.3146881007
6.0,2033.6706490543097,4.0,Suburban,1.0,10.0,571333.8336038776
4.0,2297.1593677761093,5.0,Rural,3.0,,362258.32752694545
6.0,4442.473366691192,3.0,Suburban,2.0,88.0,874020.5567290799
2.0,4393.37006329015,5.0,Urban,0.0,87.0,1088658.3127255489
5.0,1149.7443446015025,2.0,Suburban,1.0,87.0,234531.2284945175
6.0,2508.658909306635,2.0,Rural,2.0,53.0,351242.9459792385
5.0,1963.6425766604837,,Suburban,0.0,17.0,523674.2804600863
2.0,4884.6750740566595,3.0,Rural,0.0,62.0,567024.9921621585
6.0,2037.535258536144,4.0,Urban,2.0,68.0,646157.0834867739
3.0,1227.526448660612,3.0,Suburban,3.0,59.0,262089.0280490118
2.0,1903.545860019262,2.0,Suburban,3.0,64.0,415874.9055607468
1.0,1039.7916186075047,3.0,Rural,0.0,59.0,113933.17058032444
6.0,,2.0,Suburban,1.0,,334213.41153626627
6.0,,1.0,Rural,0.0,65.0,557598.507990472
1.0,3464.114657933496,4.0,Suburban,0.0,63.0,542688.6427442206
6.0,871.7794855667091,5.0,Urban,2.0,7.0,516182.8812701654
2.0,4955.388692303669,3.0,Rural,0.0,35.0,668472.016898439
3.0,3167.653962440402,5.0,Rural,2.0,88.0,453691.9441229576
5.0,4049.610187574118,5.0,Suburban,1.0,98.0,793053.4996378153
4.0,4068.302425725342,,Suburban,2.0,32.0,905570.671749991
6.0,3540.110413776169,1.0,Suburban,0.0,84.0,790047.936497511
4.0,1472.2705231014488,4.0,Rural,1.0,85.0,285561.301805607
5.0,1458.8825390816369,4.0,,3.0,,231289.75656844673
2.0,690.3128715020654,1.0,Suburban,0.0,17.0,97760.79906478131
3.0,4664.849935333464,,Urban,1.0,35.0,1117366.050652579
6.0,,2.0,Suburban,2.0,41.0,978405.0214697528
2.0,2330.033314993624,4.0,Suburban,2.0,14.0,526683.7329493839
4.0,3893.10365717772,4.0,Suburban,2.0,,904711.412966008
1.0,1182.1293179144598,,Urban,1.0,49.0,333646.71837132284
3.0,2258.0694994367263,5.0,Suburban,0.0,80.0,513977.4165979083
6.0,1029.420628131014,3.0,Suburban,0.0,6.0,329137.93457504845
6.0,1595.6508578219025,1.0,Urban,2.0,97.0,461743.67255367065
5.0,2754.8954611798868,3.0,Rural,1.0,15.0,451020.0237220963
5.0,4259.661063720474,4.0,,0.0,28.0,921994.2981246924
1.0,1544.1792300549769,5.0,Rural,1.0,,242915.5627682905
6.0,2872.5469733926066,,Urban,0.0,60.0,869146.5180075701
1.0,4312.2531261765835,4.0,Rural,,58.0,486770.3898153653
5.0,1259.8439300495877,5.0,Rural,1.0,34.0,294542.57241275546
1.0,2459.784314624858,1.0,Suburban,2.0,27.0,497296.4055470928
1.0,3011.631123172383,,Rural,,74.0,391659.8626246585
2.0,3605.434512070296,3.0,Suburban,1.0,73.0,651840.457216414
1.0,3994.201861929582,5.0,Suburban,1.0,90.0,759240.2305014208
2.0,1638.7629476035304,3.0,Suburban,0.0,,317071.14011982776
1.0,,2.0,Suburban,0.0,28.0,817837.9087281948
2.0,3107.367047045753,5.0,Urban,3.0,50.0,886160.4722090675
1.0,4279.17272965489,1.0,Rural,1.0,38.0,445267.8663826841
6.0,3044.974842146482,2.0,Suburban,1.0,2.0,757464.15564565
3.0,1740.739338929985,1.0,Urban,2.0,73.0,336504.5163140723
5.0,2410.3734133836283,4.0,Urban,3.0,34.0,781191.8073656288
5.0,1145.940629177268,2.0,Suburban,3.0,36.0,317326.00342331216
6.0,4771.004643902482,3.0,Urban,1.0,60.0,1178969.8000953193
6.0,4413.934295067698,2.0,Rural,0.0,79.0,482854.3563233239
2.0,1194.447043773857,4.0,Suburban,3.0,48.0,227197.37733589247
3.0,2752.003891088337,1.0,Suburban,0.0,53.0,487433.7627382121
5.0,,2.0,Suburban,0.0,18.0,353084.91601981915
,1061.2132561012572,3.0,Suburban,0.0,86.0,186225.18173714413
1.0,,1.0,Urban,0.0,79.0,413683.6941059537
2.0,1283.8700146021415,3.0,Rural,2.0,75.0,195370.26819214312
6.0,4056.5198113706665,3.0,Rural,2.0,,560718.8568233749
6.0,815.015804598796,4.0,Urban,0.0,48.0,341349.03891732387
1.0,3380.757007226747,,Rural,3.0,79.0,408122.78270175325
5.0,1709.810341037795,3.0,Suburban,3.0,90.0,431203.9243308413
6.0,1955.751777101632,3.0,Urban,0.0,95.0,639938.5144808025
3.0,3736.21953625056,5.0,Urban,1.0,70.0,909935.1325593492
4.0,3288.8055714489014,4.0,Suburban,0.0,89.0,601386.9064304703
5.0,1091.07233665208,,Suburban,3.0,94.0,310566.2329421595
2.0,3227.849211025272,3.0,Suburban,2.0,,626352.2505080769
4.0,3343.9490617828505,5.0,Urban,0.0,51.0,923029.9810804756
5.0,2941.456115279403,1.0,Rural,3.0,13.0,428290.73383673845
5.0,1861.0136523022095,3.0,Urban,3.0,81.0,501034.4054526957
,4367.371069762651,2.0,Rural,0.0,66.0,438035.7910662737
3.0,1973.984743310596,2.0,Rural,2.0,81.0,190111.06090483296
1.0,4625.562608160508,3.0,Urban,3.0,62.0,1141797.5537544596
6.0,783.9906488561758,2.0,Rural,0.0,52.0,184290.06017595276
4.0,2452.102305146473,5.0,Rural,3.0,76.0,345676.62734331534
1.0,3805.600654046359,1.0,Urban,0.0,1.0,889549.8277349914
6.0,4225.407688949777,3.0,Rural,2.0,74.0,520157.39761173056
1.0,1905.5709584848112,2.0,Rural,1.0,28.0,265128.9118945974
4.0,2810.15694601212,1.0,Urban,0.0,22.0,725366.5498818869
4.0,3049.589129771384,5.0,Urban,2.0,25.0,903333.6853924034
2.0,4106.151121187836,1.0,Rural,3.0,66.0,484470.8112212048
5.0,1799.0851798878714,2.0,Suburban,2.0,49.0,404291.92493434966
6.0,3754.1726890908326,4.0,Suburban,2.0,83.0,784628.161327076
1.0,3088.2350772348123,2.0,Suburban,2.0,11.0,582808.1127944846
6.0,3674.235173504916,2.0,Urban,1.0,53.0,1078897.7413398249
1.0,2358.6402859146365,1.0,Rural,0.0,16.0,347058.40316965984
6.0,4947.238719500591,,Urban,2.0,16.0,1335690.236498563
5.0,1927.3807254442936,5.0,Suburban,0.0,6.0,572219.8912662984
1.0,1297.2691637233947,2.0,,2.0,10.0,234695.0065031807
4.0,4377.841227132329,3.0,Suburban,1.0,42.0,859938.4343896456
1.0,610.2430172044355,1.0,Urban,1.0,74.0,130568.14436974736
3.0,2612.864939197382,1.0,Urban,1.0,53.0,657445.0959259147
4.0,4788.590095305046,2.0,Suburban,,64.0,930814.064814178
2.0,3313.42146288699,1.0,Rural,,46.0,331816.82013603044
1.0,811.6443782863697,2.0,Suburban,3.0,32.0,157040.68423219107
1.0,2411.4718869127382,2.0,,0.0,90.0,402669.0127151334
1.0,4161.948297438139,1.0,Urban,2.0,2.0,1143963.5148913653
,1520.2732204848346,5.0,Rural,1.0,69.0,211878.14521956537
2.0,4182.663049166018,1.0,Rural,1.0,7.0,526031.6929100797
1.0,3934.198810665002,5.0,Suburban,1.0,93.0,669928.4263261949
1.0,4447.577557229902,3.0,,2.0,94.0,1089429.0282367251
4.0,4982.553273377485,3.0,Suburban,1.0,14.0,1065444.0944008916
2.0,4579.574948024732,2.0,Suburban,1.0,32.0,852460.8041046985
,1926.151148052252,4.0,Urban,2.0,11.0,610583.4958621007
3.0,3325.775237476861,4.0,Suburban,,89.0,656391.5420159397
1.0,4088.963122417397,2.0,Urban,2.0,71.0,997224.0418455348
,1541.9679618427197,2.0,Urban,0.0,92.0,372272.8988342482
4.0,4316.071483622306,3.0,Rural,2.0,81.0,436537.1748824293
2.0,3626.970681541816,3.0,Suburban,2.0,18.0,787378.394491645
4.0,2244.531176376774,,Rural,0.0,65.0,353877.46879232273
5.0,1899.5112262970613,4.0,Rural,2.0,21.0,244995.67949536143
,4142.884890957988,4.0,,,47.0,874791.4854425703
1.0,1635.3826242773296,,Suburban,3.0,63.0,321871.09631144657
3.0,4898.5345309566555,5.0,Rural,0.0,7.0,699780.3554066183
4.0,1606.1334768776885,2.0,Suburban,2.0,34.0,471233.6327527642
1.0,1039.2305090794086,4.0,Suburban,1.0,66.0,264251.2150844649
4.0,1696.3301149444108,4.0,Rural,3.0,87.0,300141.9007413662
4.0,4781.489129265565,1.0,Rural,1.0,72.0,610553.1354044769
5.0,7319.690027727971,5.0,Rural,0.0,73.0,1415003.9625781965
2.0,1853.838987589648,1.0,Urban,3.0,96.0,401222.256321816
,3331.8446270483128,3.0,Rural,2.0,32.0,544482.4684288792
4.0,3677.0855344881106,2.0,Urban,1.0,,1006911.8869888393
5.0,3498.3809862576786,1.0,Rural,1.0,2.0,399831.8356822576
5.0,1750.559437619905,5.0,Suburban,3.0,85.0,481913.1731980095
2.0,4919.222916571832,1.0,Suburban,0.0,97.0,905031.0213156238
1.0,1170.463351865876,3.0,Suburban,2.0,87.0,206707.4776694525
6.0,1971.70089868318,1.0,Rural,3.0,25.0,326989.0485515045
4.0,4213.088004497518,3.0,Rural,0.0,0.0,702747.0045958122
6.0,1084.684660410656,3.0,Rural,0.0,80.0,273259.8075087085
5.0,512.9656324952657,5.0,Rural,0.0,58.0,201439.71378512535
6.0,633.5070037913292,5.0,Rural,3.0,72.0,134140.8847523209
5.0,2205.6220679859384,4.0,Rural,0.0,51.0,447737.6055796188
4.0,3923.84455031523,1.0,Urban,2.0,36.0,1032975.8395225191
6.0,2070.005337688206,3.0,Rural,3.0,71.0,272739.0207983761
2.0,4297.660756752758,4.0,Rural,1.0,86.0,522552.49261551007
6.0,2650.453016100091,4.0,Rural,3.0,79.0,372822.89330784895
6.0,2508.5855803893896,3.0,Suburban,3.0,94.0,653013.2025881804
1.0,2423.730426605416,2.0,Suburban,2.0,79.0,434534.1742062274
4.0,2238.5700943174197,2.0,Rural,2.0,18.0,284268.61040020204
1.0,3968.512782187459,2.0,Urban,0.0,4.0,1020135.9630189416
6.0,4401.200607583476,5.0,Suburban,3.0,76.0,929259.884166414
6.0,1049.1577345597775,,Suburban,,70.0,317178.91388645227
3.0,1938.5007459824512,4.0,Rural,2.0,6.0,318247.30728989997
1.0,3742.544968899828,1.0,Suburban,,15.0,794451.1456859992
4.0,4878.939866316559,3.0,Urban,2.0,21.0,1241217.2654692808
6.0,578.82195887928,4.0,Urban,3.0,1.0,443159.18634400575
3.0,1486.028657614723,1.0,Rural,3.0,98.0,105951.64995745548
1.0,2743.568597775691,4.0,Suburban,3.0,1.0,629906.2787951083
1.0,500.84779800461854,4.0,Urban,0.0,83.0,76316.3828097886
6.0,1192.06017350614,2.0,Suburban,3.0,86.0,386933.8653126968
6.0,7319.690027727971,,Suburban,2.0,90.0,1415003.9625781965
6.0,2429.9909548746737,3.0,Rural,1.0,69.0,354983.001695073
4.0,3492.4753230699816,1.0,Rural,0.0,83.0,457928.18639273493
3.0,2304.23793112871,4.0,Suburban,1.0,55.0,453575.03021777526
2.0,834.083928447739,5.0,Rural,0.0,82.0,104360.60677502087
2.0,2299.573430618703,1.0,Suburban,3.0,50.0,500829.08371748385
1.0,4271.68482598366,4.0,Suburban,,31.0,893882.4238325586
2.0,1216.7935035926232,4.0,,0.0,82.0,225581.53284505723
1.0,2742.0620022467283,2.0,Rural,2.0,34.0,317773.24417805707
6.0,,5.0,Urban,0.0,67.0,429499.3438833127
2.0,2417.319399317437,1.0,Rural,0.0,51.0,281314.6705604999
1.0,3931.172980139988,3.0,Urban,0.0,17.0,890002.6077494305
1.0,4273.471467062727,5.0,Urban,0.0,83.0,837029.5746232545
5.0,2884.9618531688843,1.0,Rural,1.0,29.0,412777.6360479838
2.0,1816.3179098183384,4.0,Urban,3.0,8.0,686135.469484326
,4853.102800047239,3.0,Suburban,0.0,89.0,928034.700176236
5.0,4220.215969689582,2.0,Rural,1.0,41.0,564880.1024567335
2.0,3978.4402458751406,4.0,Rural,0.0,7.0,596917.3950844303
3.0,3170.685933391706,,Suburban,0.0,99.0,523324.0011324044
3.0,3327.071497084766,4.0,Rural,1.0,15.0,544895.0603755394
4.0,2941.1538607371535,5.0,Urban,,72.0,805950.1656115928
5.0,3830.726159426584,5.0,Suburban,2.0,6.0,946516.3707239948
6.0,1147.1645764166617,2.0,Suburban,,99.0,144532.5454814124
5.0,4243.384009631399,1.0,Urban,3.0,68.0,1172696.815052007
6.0,632.1387159607655,,Suburban,1.0,3.0,393182.1714419035
3.0,2950.2759607215257,4.0,Urban,2.0,96.0,840346.5774631315
1.0,1356.461882685805,4.0,Rural,0.0,51.0,202100.65893679185
4.0,3020.820162687103,2.0,Rural,0.0,79.0,357167.20429172454
2.0,1561.359196146592,4.0,Rural,2.0,99.0,256063.7299033892
2.0,1483.2942545935864,3.0,Suburban,0.0,55.0,267289.7099277366
1.0,1022.1020660667618,4.0,Urban,0.0,24.0,304810.70270455733
1.0,4390.739761797665,3.0,Rural,1.0,,513789.184862749
4.0,4189.090122431274,1.0,Urban,2.0,50.0,1114818.1898091843
3.0,640.0201996281096,5.0,Suburban,2.0,55.0,268565.8933045218
4.0,3238.188856969061,5.0,Suburban,3.0,17.0,814350.8795491674
2.0,4868.339691547617,1.0,Rural,3.0,65.0,584822.1921299242
5.0,2217.2537294024005,4.0,Urban,3.0,46.0,674499.5612282018
5.0,3535.7353381229727,4.0,Rural,0.0,19.0,563081.7914798523
6.0,1046.7292598949443,1.0,Urban,0.0,58.0,312492.8435194685
3.0,2001.2305506306943,1.0,Rural,1.0,78.0,241052.48764003097
5.0,1518.5817245366868,5.0,Rural,1.0,36.0,301816.2016031866
1.0,3796.019293271404,4.0,Suburban,2.0,65.0,679065.606107334
,4099.0149294080975,1.0,Suburban,3.0,73.0,742799.9417507986
5.0,3156.2849432892185,2.0,Urban,2.0,61.0,797409.8812161423
2.0,3872.2570376052154,2.0,Rural,,49.0,533544.4760039325
6.0,2601.3559998362484,1.0,Rural,3.0,49.0,398113.24109565263
6.0,1835.9117355212636,2.0,Rural,3.0,46.0,291498.8072122121
3.0,4299.119160826182,3.0,,1.0,10.0,1164255.5712558865
4.0,4230.57979645471,4.0,Urban,0.0,43.0,1082858.3801017522
6.0,2697.685830423224,4.0,Urban,2.0,40.0,880121.3664963072
6.0,,3.0,Rural,1.0,96.0,507372.9259340448
3.0,3368.9896901160337,,Urban,2.0,42.0,885350.7854623802
5.0,927.552645465371,1.0,Rural,0.0,51.0,198464.7507736164
,4204.223738189867,3.0,Urban,1.0,16.0,939138.5100882509
5.0,1302.6766293829842,4.0,Rural,2.0,88.0,244991.549015014
3.0,3446.118866441067,3.0,Urban,3.0,,900893.5238835728
1.0,3312.631337383426,3.0,Suburban,2.0,23.0,617781.8097985049
4.0,927.7387048971176,1.0,Urban,0.0,60.0,225162.75448485
3.0,3759.428613544976,3.0,Suburban,2.0,25.0,865016.6210308175
4.0,898.5001290045863,3.0,Urban,0.0,,290461.0336544757
5.0,1072.3989320935232,,Suburban,2.0,,317500.28233613266
5.0,2561.0999525071643,2.0,Suburban,0.0,47.0,483021.1204028832
3.0,4410.052814932569,2.0,Rural,0.0,30.0,541828.7235272031
5.0,4837.200239670579,5.0,Urban,3.0,26.0,1318117.8057750682
3.0,2334.347860908451,3.0,Suburban,3.0,39.0,422593.04840878374
5.0,2788.606802514103,2.0,Suburban,2.0,5.0,704138.6182028842
6.0,,1.0,Suburban,3.0,64.0,985978.33394685
3.0,1513.5066602082038,5.0,Suburban,2.0,94.0,326856.19683369814
5.0,4503.434148579048,3.0,Urban,1.0,92.0,1016087.395048814
2.0,1704.2035948776838,5.0,,,84.0,287696.7556910969
3.0,1237.4646070121698,1.0,Urban,2.0,79.0,452070.0650807703
4.0,6797.315240634405,4.0,Suburban,2.0,32.0,1415003.9625781965
2.0,3845.407037344742,3.0,Suburban,1.0,93.0,662486.909539447
6.0,,2.0,Rural,0.0,35.0,591267.1568301516
1.0,1452.8990779946523,4.0,Rural,2.0,,207220.31810894815
3.0,4316.215060088473,5.0,Urban,2.0,76.0,1043237.3901525056
4.0,3742.94815377401,,Suburban,3.0,64.0,750527.5277617578
1.0,914.4286395480606,2.0,Suburban,2.0,62.0,284913.65224648075
2.0,1752.9773371269555,2.0,Suburban,3.0,29.0,341865.0954203876
4.0,2101.346416666451,4.0,Rural,0.0,94.0,274554.05687884835
4.0,4801.210176743385,3.0,Urban,,92.0,1127709.307134759
4.0,4946.295049937483,4.0,Suburban,0.0,86.0,911734.3378623304
,1453.5244869804908,1.0,Rural,2.0,59.0,104707.50937008888
4.0,2816.0762770464753,4.0,Urban,1.0,36.0,815258.3822689553
1.0,1462.806674097066,2.0,Suburban,2.0,85.0,277382.28358427243
4.0,4592.255864037783,4.0,Suburban,3.0,53.0,961512.8493717042
4.0,1931.5019912815376,3.0,Suburban,0.0,85.0,405019.86891691
3.0,4566.90907298814,2.0,Urban,3.0,73.0,1145273.802564101
1.0,3534.57040560561,3.0,Urban,1.0,11.0,941189.2240598488
1.0,4133.282136529781,1.0,Rural,1.0,43.0,521861.8517612333
2.0,1102.1168132576993,1.0,Rural,0.0,3.0,153700.72418908784
4.0,1302.1361010708872,,Urban,,39.0,438004.77254740486
2.0,4600.257283310356,3.0,Urban,1.0,2.0,1206485.05460821
5.0,4947.871952354344,1.0,Rural,1.0,45.0,551740.2735265126
3.0,1528.1903603964683,5.0,Suburban,2.0,26.0,418827.6786243837
3.0,3364.207929721193,3.0,Suburban,0.0,9.0,779700.7242016617
1.0,2133.249223306964,,Suburban,1.0,73.0,429430.7266495463
1.0,3604.9988178902454,5.0,Rural,0.0,12.0,459791.6652288378
1.0,3529.608977095392,5.0,Rural,3.0,30.0,443346.98430840834
5.0,653.8449467262118,3.0,Urban,3.0,98.0,187838.0361884875
3.0,,,Urban,,97.0,332532.0244976113
6.0,3156.046966179017,5.0,Suburban,0.0,94.0,639941.3170871453
4.0,4917.683041345137,,Suburban,0.0,14.0,1031748.440016648
5.0,1008.9941858445786,2.0,Rural,0.0,56.0,114161.9305671847
4.0,3795.8623916570086,1.0,Suburban,3.0,73.0,714851.6697314455
5.0,3119.647134100094,,Suburban,1.0,28.0,687179.4168410349
1.0,3832.817670024667,2.0,Rural,1.0,6.0,488711.4753688703
1.0,4449.411588428517,2.0,Rural,1.0,40.0,605268.1165426385
5.0,4220.360456118112,1.0,Rural,3.0,,596586.0563557175
1.0,2211.8886690475897,3.0,Suburban,0.0,80.0,401261.70907363814
6.0,2969.773955240264,1.0,Suburban,1.0,43.0,597910.6877600282
3.0,4599.809162453226,4.0,Urban,3.0,35.0,1229234.377501594
6.0,714.3856584642797,3.0,Urban,3.0,12.0,476811.716501046
2.0,3555.0397628502824,3.0,,1.0,25.0,465489.5293695765
2.0,843.732252461552,,Urban,1.0,92.0,205226.0816638756
4.0,3493.157874072824,2.0,Suburban,2.0,74.0,649555.1254003085
5.0,2840.857354631995,,Suburban,2.0,47.0,760099.6038370163
5.0,3821.3110550233273,3.0,Suburban,1.0,59.0,801496.6647835282
,2896.1653665174176,5.0,Rural,2.0,32.0,452843.7644029674
2.0,3679.854185604184,2.0,,1.0,13.0,942342.984705036
1.0,3840.566227576291,1.0,Urban,3.0,72.0,805012.4889679239
6.0,1783.806522607924,1.0,Suburban,3.0,73.0,414812.1394103377
5.0,3481.9903087670996,2.0,Urban,1.0,78.0,892295.4198218031
1.0,599.6366396268326,5.0,Rural,3.0,14.0,144513.5004302926
3.0,4121.389048953627,,Suburban,3.0,14.0,914753.8870228544
4.0,4013.293339404054,3.0,Rural,3.0,82.0,572756.8821541746
5.0,4688.632837924204,1.0,Rural,3.0,69.0,680343.4570992856
5.0,2051.5163903269117,2.0,Suburban,2.0,60.0,437772.09541808366
2.0,4220.774976703448,4.0,Suburban,3.0,12.0,833976.7999275532
5.0,4015.2669070411366,4.0,Suburban,1.0,58.0,879655.8249647369
1.0,859.8442746168588,5.0,Suburban,2.0,,230934.53466763455
6.0,1700.038384978899,1.0,Urban,0.0,88.0,451092.44483538374
3.0,2793.7591103826417,5.0,Rural,0.0,51.0,355611.33149794786
6.0,827.0189222450733,2.0,Urban,0.0,,343254.3673616961
4.0,3915.81022666269,5.0,Urban,3.0,37.0,1110564.0836969155
5.0,7031.479691979678,4.0,Rural,3.0,96.0,1308181.297823974
6.0,2433.238664595635,3.0,Rural,2.0,32.0,347998.70607750467
1.0,1894.999717273052,1.0,Urban,1.0,,448426.2283729863
6.0,1834.2040157749184,3.0,Urban,2.0,69.0,629455.9789367698
6.0,1721.473599353901,1.0,Suburban,,86.0,301021.95343550015
3.0,3755.321445255288,2.0,Urban,2.0,78.0,847463.3032168159
2.0,1415.4641381124104,5.0,Rural,,46.0,243142.62931329143
2.0,,5.0,Urban,1.0,36.0,377867.060590317
3.0,879.7657124504406,5.0,Urban,3.0,35.0,381558.73634516745
5.0,4447.677932717807,3.0,Rural,2.0,79.0,552659.9375541981
1.0,1317.7548195267043,4.0,Suburban,,35.0,311652.91365360643
3.0,4137.239478001719,2.0,Urban,2.0,2.0,1092361.268055
6.0,1523.1078504324446,3.0,Rural,2.0,96.0,234753.57322224733
1.0,2525.555125318695,4.0,Urban,1.0,92.0,624929.2299705195
5.0,,3.0,Urban,0.0,85.0,868934.5893201419
3.0,2139.594072927044,1.0,Urban,2.0,18.0,587547.3003332409
2.0,1994.447144269114,1.0,Suburban,0.0,,403901.8245446368
3.0,3176.614466050053,4.0,Rural,2.0,61.0,376291.5673832685
4.0,2955.5909982296303,2.0,Suburban,0.0,48.0,620784.5749396998
,866.8692029859201,4.0,Rural,1.0,16.0,287935.9430833572
1.0,1435.8036168022547,1.0,Suburban,1.0,29.0,364860.2067615614
4.0,1257.9997331422385,1.0,Rural,1.0,,115231.5274475179
3.0,3639.517823840338,1.0,Suburban,2.0,,678030.1424478324
5.0,3110.996834532632,2.0,Urban,1.0,53.0,805764.7866164966
1.0,1137.9847708719583,4.0,Urban,1.0,59.0,302291.24184482935
,3294.0886559796863,1.0,Rural,0.0,55.0,344977.5306201045
,3052.268509637235,5.0,Rural,2.0,14.0,419651.9271143701
3.0,2624.271953886492,4.0,Suburban,2.0,76.0,601779.5094974214
4.0,3344.069687091883,2.0,Suburban,2.0,10.0,784384.1264486527
2.0,1166.8006770347547,1.0,Rural,1.0,70.0,79822.16098789088
3.0,3826.826308241479,,Suburban,0.0,30.0,813417.8415366048
4.0,3428.458464014363,4.0,Rural,3.0,47.0,473252.2872410757
6.0,2888.3180987907613,2.0,Rural,2.0,59.0,458760.7826140308
3.0,3097.333565202867,3.0,Urban,0.0,6.0,872950.90518196
3.0,2897.041490426998,4.0,Rural,3.0,17.0,411375.0051492841
5.0,4566.012995446386,3.0,Suburban,0.0,90.0,879541.6021454298
3.0,1178.042484694448,2.0,Rural,1.0,68.0,219328.9185913069
4.0,,4.0,Rural,1.0,60.0,180812.52194468345
2.0,3172.1111636432697,1.0,Suburban,2.0,8.0,702753.9766234232
1.0,4196.44396239167,3.0,Suburban,3.0,92.0,862848.7924904226
4.0,3798.7303543699704,1.0,Urban,1.0,7.0,903109.8784010524
3.0,3097.2775247939753,5.0,Rural,1.0,9.0,439242.702487026
1.0,2068.5815025888674,2.0,Suburban,1.0,8.0,398070.5671320822
1.0,3277.6205938192657,1.0,Rural,3.0,2.0,413697.5383079875
3.0,2948.0746063223824,2.0,Rural,3.0,98.0,329655.3856052876
,2180.793573672744,2.0,Urban,2.0,94.0,539622.713814778
6.0,4062.6499480400826,2.0,Urban,3.0,23.0,1147994.1197749942
1.0,7319.690027727971,5.0,Rural,2.0,44.0,1160856.692960674
5.0,849.3834919495157,4.0,Urban,0.0,43.0,366011.4184572549
3.0,1216.8680927854114,3.0,Urban,1.0,55.0,369651.5316842101
6.0,2031.668358375932,1.0,Urban,,13.0,583028.2896765191
3.0,7319.690027727971,4.0,Urban,2.0,94.0,1415003.9625781965
,,5.0,Urban,2.0,,725482.8851405605
5.0,820.7612152482376,4.0,Suburban,1.0,82.0,295995.28406534233
2.0,3267.4020815350955,1.0,Urban,2.0,1.0,808365.2673725663
3.0,1092.6204731241733,2.0,Suburban,1.0,34.0,325589.2611531223
5.0,4531.165688173469,5.0,Rural,0.0,15.0,649559.541070447
3.0,2170.227266535838,2.0,Rural,1.0,9.0,293482.58963421604
4.0,4052.44487387836,3.0,Rural,3.0,50.0,514677.01138187427
2.0,4369.207259260742,1.0,Rural,2.0,54.0,576584.8450804673
5.0,4423.247505379045,2.0,Suburban,1.0,2.0,942130.0409331552
2.0,4272.1941179556725,3.0,Urban,0.0,69.0,993567.9401688837
2.0,975.6206595782334,3.0,Suburban,3.0,26.0,290252.86952899164
2.0,,1.0,Suburban,2.0,18.0,119142.8292426629
5.0,1185.4750354820546,3.0,Suburban,1.0,82.0,318301.1418980141
3.0,,1.0,Rural,0.0,45.0,552345.2072173152
4.0,3370.9334260698392,2.0,,1.0,66.0,642645.0302487544
5.0,2928.002992229773,5.0,Rural,0.0,99.0,373412.2178643736
1.0,3521.411012887765,1.0,Urban,0.0,21.0,747545.4125472549
3.0,,4.0,Rural,3.0,93.0,87623.5560736343
1.0,1059.7227405859594,5.0,Suburban,2.0,5.0,316891.4930567539
3.0,4198.669861729683,5.0,Rural,2.0,65.0,643442.3517062783
3.0,,1.0,Rural,1.0,75.0,50000.0
2.0,1642.8869355741112,1.0,Suburban,2.0,88.0,339580.9714661293
,4830.395913445029,4.0,Urban,0.0,6.0,1200533.9478767917
3.0,4129.652040468246,1.0,Urban,3.0,63.0,969310.7821393956
2.0,3862.4881448391698,3.0,Rural,0.0,73.0,503555.353333376
1.0,3340.2679068051784,5.0,,0.0,67.0,491508.4719429347
1.0,1008.1923920870508,2.0,Rural,,97.0,81852.66208556714
1.0,590.1186016662101,5.0,Rural,1.0,59.0,160116.68427761656
4.0,1918.3528449381151,3.0,Suburban,1.0,39.0,382655.9577535369
2.0,1419.9825827729608,2.0,Urban,2.0,91.0,209894.46612754423
1.0,3119.6670340098754,3.0,Suburban,2.0,95.0,576943.412357136
,1120.2030462165594,1.0,Urban,3.0,29.0,514510.0504393008
2.0,,1.0,Suburban,0.0,16.0,764664.0830194689
5.0,2841.3345961339433,4.0,Urban,0.0,86.0,712316.6332425096
5.0,2127.696146868113,1.0,Suburban,1.0,23.0,553170.5049919537
2.0,2947.125775398068,2.0,Rural,1.0,51.0,378949.889105482
5.0,511.62806680242073,3.0,Suburban,3.0,2.0,326566.98725475714
2.0,4410.249135256153,4.0,Suburban,1.0,85.0,856079.3345103192
1.0,949.4006951128018,4.0,Suburban,3.0,98.0,317125.5822175838
5.0,969.8185838663665,3.0,Rural,2.0,15.0,240943.96649453143
2.0,1556.03317217698,5.0,Suburban,0.0,31.0,337686.9785380525
6.0,3954.7574963005113,5.0,Rural,1.0,56.0,608632.2606353157
3.0,4970.0162181138285,,Suburban,3.0,60.0,948154.9567588308
1.0,3010.1595147998146,3.0,Rural,1.0,8.0,486640.61775392113
1.0,4203.313007996688,4.0,Suburban,,2.0,946183.7105504802
1.0,4336.510018556991,,Suburban,2.0,65.0,886850.9150583424
4.0,4388.97279953376,3.0,Suburban,3.0,16.0,984671.9848362508
5.0,3596.199997262062,4.0,Urban,1.0,73.0,1012320.1418730412
2.0,904.154694272483,,Suburban,1.0,38.0,323196.19614976575
2.0,3204.9621303094773,3.0,Suburban,1.0,38.0,755773.4622578246
4.0,,4.0,Rural,0.0,92.0,365615.1098785547
5.0,4219.196405880931,1.0,Suburban,2.0,11.0,915048.148136882
4.0,1774.871430912188,4.0,Urban,2.0,43.0,633788.2441565244
4.0,2485.5067114489693,,Suburban,1.0,,589472.5596804197
5.0,1911.7746103734323,5.0,Suburban,1.0,72.0,468718.5284842341
5.0,3941.236136643257,5.0,Suburban,3.0,56.0,893311.9212811525
2.0,3209.5264340965077,1.0,Urban,1.0,16.0,795755.0287798344
3.0,2759.691244828941,5.0,Rural,2.0,9.0,521355.47162933846
3.0,1273.3181659719253,4.0,Urban,0.0,16.0,477187.7600366384
2.0,1450.006120247613,5.0,Urban,2.0,86.0,353305.05293267634
6.0,2221.6114560678593,5.0,Suburban,0.0,58.0,564817.347679266
6.0,3931.683776123789,2.0,Suburban,2.0,31.0,941799.8300941978
4.0,4010.958785435461,2.0,,1.0,3.0,853168.238027587
6.0,1126.3911107788842,1.0,Suburban,1.0,89.0,275082.67636718234
2.0,2116.628365623105,4.0,Suburban,1.0,51.0,460719.5642981828
1.0,2812.9814051392623,2.0,Suburban,,80.0,527017.4658036513
5.0,3364.4239103900945,1.0,Rural,0.0,6.0,463912.05229745863
2.0,1671.6510148230625,3.0,Rural,2.0,71.0,486092.7616834885
6.0,1721.7443938184051,2.0,Suburban,1.0,14.0,462162.407228368
5.0,3481.7957555374414,4.0,Urban,2.0,26.0,984040.97429162
2.0,4960.068943195866,4.0,Rural,0.0,28.0,676020.8350896542
3.0,3896.7701897338143,,Suburban,2.0,48.0,868138.0579807067
1.0,2952.974877173149,5.0,Suburban,3.0,58.0,566450.98847075
5.0,1050.6954079633008,3.0,Suburban,1.0,66.0,348903.452064564
3.0,593.8751268119214,5.0,Urban,1.0,28.0,263012.458261101
,1953.5503927379625,5.0,Suburban,1.0,85.0,397642.74752416497
6.0,4333.285565932764,3.0,Suburban,1.0,94.0,845300.9672249007
3.0,4740.741585960049,1.0,Rural,3.0,,635083.8937769249
4.0,2806.7684234261233,2.0,Rural,0.0,75.0,343752.26998048916
1.0,1192.131610887235,5.0,Urban,0.0,17.0,554098.7584037601
3.0,3110.5050336296063,3.0,Rural,1.0,57.0,541721.6901591485
1.0,3746.3993029792928,1.0,Suburban,1.0,71.0,548845.4393387213
6.0,,3.0,Urban,3.0,48.0,891620.3253195164
2.0,1650.4024901417254,5.0,Suburban,3.0,3.0,483522.32640981174
1.0,,5.0,Suburban,0.0,16.0,343168.7315147618
4.0,1721.9617133505906,5.0,Suburban,3.0,71.0,410106.8064976795
5.0,3895.795497193663,4.0,Suburban,2.0,69.0,778183.8844083012
4.0,4093.669725722381,5.0,Rural,1.0,24.0,634873.5659102416
,2363.6760094770207,4.0,Rural,0.0,62.0,308927.0311916008
5.0,4070.2730643740647,5.0,Suburban,1.0,4.0,877652.8742336438
2.0,2520.881352549261,3.0,Rural,0.0,86.0,296047.83758310706
6.0,2829.183355919849,3.0,Urban,1.0,62.0,778230.360189108
5.0,718.9594864777099,2.0,Suburban,1.0,52.0,203168.5881190399
4.0,3541.920240138599,4.0,Rural,0.0,88.0,467224.4505425215
3.0,3409.7266104028704,2.0,Rural,0.0,88.0,357465.5846669604
6.0,4908.410217652476,4.0,Suburban,1.0,35.0,1053879.980694782
5.0,1512.0059756716062,,Rural,3.0,77.0,370834.3163320618
5.0,1494.785171541778,1.0,Suburban,1.0,85.0,328868.45137147506
4.0,3688.203638717588,1.0,Suburban,2.0,52.0,752326.5272484573
5.0,4434.1811177460695,2.0,Urban,2.0,,1220788.4014459562
4.0,3567.8688984057253,1.0,Urban,0.0,57.0,827032.0133600908
6.0,2827.5772177144936,4.0,Urban,3.0,52.0,880962.6411290288
3.0,4365.305084392833,5.0,Urban,2.0,67.0,1115910.313416829
4.0,4360.938142652176,4.0,Urban,0.0,30.0,1132104.793250044
5.0,4732.018275812777,5.0,Suburban,1.0,15.0,1058758.5524861217
2.0,732.6357675868713,5.0,,1.0,36.0,260790.28157386108
,531.6314171612862,3.0,Suburban,3.0,93.0,179484.0356988125
4.0,3277.2010252804107,2.0,Urban,3.0,32.0,963893.26775691
4.0,1852.2022352019455,5.0,Urban,2.0,77.0,534122.2301514121
4.0,4697.288332143146,,Urban,1.0,41.0,1194702.6104570096
4.0,2235.2608078954163,3.0,Suburban,1.0,59.0,588304.3760266234
6.0,3194.8043003574753,1.0,Rural,2.0,86.0,458867.7203765878
,,2.0,,3.0,96.0,50000.0
5.0,4718.2029717394435,4.0,Suburban,1.0,55.0,914951.6247360656
3.0,2895.102449718346,4.0,Rural,0.0,43.0,535508.6814287992
5.0,3992.000931659433,2.0,Rural,0.0,64.0,591936.6952761092
4.0,2184.335452129067,1.0,Suburban,1.0,15.0,514017.9213163215
1.0,4683.226448398951,3.0,Suburban,3.0,78.0,928380.1293249178
2.0,2322.593595861447,5.0,Rural,1.0,14.0,363084.020774223
2.0,3583.8410725214303,5.0,Urban,1.0,55.0,909407.0399689048
2.0,2489.109682022859,4.0,Urban,2.0,52.0,616533.461358729
5.0,2808.060872662389,4.0,Suburban,1.0,71.0,599967.0198504777
2.0,2894.097555429133,4.0,Suburban,2.0,98.0,537951.2087982497
6.0,1607.3134645909922,4.0,Rural,2.0,56.0,276535.29560355964
6.0,3501.371826459083,3.0,Suburban,3.0,18.0,797706.9382504431
3.0,1684.9210268894003,2.0,Rural,2.0,41.0,239309.1177581007
5.0,1029.3979467169634,4.0,Suburban,1.0,46.0,307641.70969889703
6.0,4079.796672633814,2.0,Urban,2.0,80.0,1073407.498259311
2.0,2105.2942386800073,3.0,Suburban,2.0,74.0,416034.51715576096
6.0,2702.194020368016,1.0,Rural,0.0,20.0,382041.2623398528
5.0,2820.4673263540403,,Rural,1.0,49.0,398002.8293180558
5.0,1711.9908423591128,5.0,Urban,1.0,90.0,566196.3760975614
5.0,2519.661405859727,3.0,Rural,1.0,20.0,454236.7463757383
4.0,1780.5303579330389,5.0,Rural,3.0,0.0,433572.1030092498
5.0,2968.248747431646,1.0,Urban,2.0,89.0,713546.537574809
3.0,1558.5601316089317,4.0,Suburban,0.0,67.0,274022.35951841646
2.0,4368.043542411256,5.0,Rural,0.0,13.0,607916.7737554148
3.0,3765.724084489771,3.0,Rural,0.0,9.0,556926.345434155
6.0,808.2743298214081,3.0,Rural,2.0,98.0,87943.45672492593
6.0,3717.6742348280777,5.0,Suburban,0.0,56.0,807718.4253085337
5.0,964.8903070580704,5.0,Suburban,3.0,79.0,266048.00807544996
2.0,4041.3656071294986,2.0,Urban,2.0,64.0,1034823.3523469956
1.0,1350.6778612738926,1.0,Suburban,3.0,70.0,286014.3932620172
1.0,3586.8548119234283,1.0,Suburban,3.0,80.0,595822.6805136206
4.0,,3.0,Urban,2.0,10.0,682630.1891443235
6.0,3145.4796699967414,5.0,Suburban,0.0,6.0,751116.0543336389
1.0,,3.0,Suburban,2.0,14.0,753465.955162637
1.0,1877.6180339581697,4.0,Suburban,0.0,33.0,366413.05435951
2.0,2431.321670283606,4.0,Urban,0.0,17.0,747544.9761095262
6.0,3036.46986962943,2.0,Rural,0.0,44.0,382934.09530889464
4.0,4031.878203314961,1.0,Urban,2.0,41.0,1006345.7265774396
1.0,572.2783924145276,4.0,Urban,0.0,30.0,141092.55237851775
3.0,4092.5488470094774,3.0,Urban,2.0,70.0,1089608.180217871
4.0,3539.3909339619013,3.0,Suburban,1.0,28.0,684698.0445648007
1.0,3039.984908054971,1.0,Suburban,3.0,38.0,580751.3163974158
6.0,4576.509971544921,2.0,Suburban,2.0,60.0,1013974.8025073826
6.0,3557.9746721025876,5.0,Rural,2.0,53.0,575459.2736737047
2.0,571.194912945121,1.0,Rural,3.0,21.0,158589.97417115595
3.0,4016.069782764828,2.0,Suburban,3.0,17.0,955779.091733798
4.0,1347.5708769452065,2.0,Urban,2.0,37.0,527380.8039833552
1.0,1139.76701016753,2.0,,2.0,71.0,125680.0482240364
2.0,560.3118189447453,5.0,Suburban,2.0,77.0,175327.8329249193
,4411.668310929736,1.0,Suburban,2.0,20.0,1012655.0096039764
2.0,4788.035581990223,4.0,Suburban,,95.0,801212.4827069801
2.0,1784.789510533302,2.0,Urban,1.0,60.0,425599.7020386731
4.0,1511.15529637706,5.0,,3.0,34.0,508910.0643058814
3.0,3213.7893777673244,1.0,Rural,0.0,23.0,334841.7988281582
3.0,1424.306338151132,2.0,Urban,1.0,98.0,348998.9606045204
2.0,4802.9998579202675,2.0,Suburban,1.0,,846474.8356736175
1.0,899.7811028940397,4.0,Rural,1.0,,59974.24175094261
1.0,872.2195768595907,4.0,Urban,1.0,,170493.34184928163
2.0,4306.3229770698545,3.0,Urban,1.0,82.0,996005.533447968
4.0,1980.57847016598,2.0,Suburban,0.0,24.0,606474.4349492998
5.0,,,Suburban,1.0,92.0,844656.3005949252
3.0,1085.215021300124,3.0,Suburban,1.0,7.0,306852.512029353
2.0,2954.2150454823613,1.0,Rural,3.0,75.0,317928.6309651581
3.0,2970.412022487388,5.0,Suburban,1.0,50.0,677702.5483995106
4.0,4018.056484302632,5.0,Urban,1.0,35.0,1198664.5407660576
3.0,1083.2029303794889,3.0,Suburban,,44.0,258991.9916227742
6.0,663.2943017607597,2.0,Suburban,3.0,53.0,386232.5073609512
6.0,,5.0,Urban,0.0,99.0,700677.7801159418
1.0,4175.254411513451,5.0,Urban,3.0,2.0,1133602.5609500122
5.0,923.1624699541986,1.0,Urban,1.0,,286194.78543142957
4.0,3695.49525389768,1.0,Urban,2.0,92.0,870262.0986089581
3.0,3842.712387078423,2.0,Suburban,3.0,95.0,745669.4956516948
4.0,593.0211600135701,4.0,Urban,2.0,90.0,302634.9957619982
5.0,759.6631778715448,4.0,Rural,2.0,6.0,241814.32292690437
5.0,1530.0257218097613,4.0,Urban,0.0,93.0,446469.3781172074
4.0,4038.6097987766666,4.0,Suburban,0.0,76.0,891364.3592359015
3.0,4396.190743500598,4.0,Rural,3.0,61.0,523590.5462521978
5.0,1986.092507013824,4.0,Rural,2.0,18.0,310060.3113308872
1.0,1954.0879568162536,,Suburban,3.0,25.0,547289.5563423312
,3288.6474808973708,4.0,Urban,2.0,49.0,800118.89057518
3.0,4011.3105000764863,5.0,Rural,1.0,8.0,755782.4095768679
3.0,4459.1986127826285,4.0,Suburban,0.0,76.0,873605.9645411769
3.0,3147.8568500327247,5.0,Urban,1.0,11.0,861820.1498689291
1.0,3089.099314632002,5.0,Rural,0.0,98.0,385240.71243925334
1.0,4170.868895769264,1.0,Suburban,3.0,57.0,771961.1331348943
1.0,3885.924931770077,,Urban,3.0,86.0,923382.3947641436
4.0,4874.11365423466,5.0,Rural,2.0,90.0,649951.995801583
3.0,2777.483996810379,5.0,Suburban,3.0,23.0,678515.1371716583
5.0,4678.971291566973,5.0,Rural,3.0,79.0,690146.9828305962
5.0,3788.6811292031393,1.0,Suburban,0.0,34.0,713158.7438697
3.0,844.8611291386196,2.0,Rural,3.0,96.0,249882.09428082913
4.0,3082.2856434703103,2.0,Urban,3.0,57.0,813697.3768684835
6.0,1063.0636571378611,1.0,Urban,2.0,13.0,432888.18296248384
1.0,3825.619510045814,3.0,Suburban,0.0,18.0,789274.3278515445
5.0,1995.41581409799,4.0,Suburban,1.0,1.0,587885.7940599088
6.0,1099.152518801436,1.0,Urban,2.0,79.0,467390.8820968333
5.0,2022.1839739955676,1.0,Urban,1.0,74.0,570302.819385208
3.0,1427.8377403329189,2.0,Urban,3.0,98.0,407944.5887702853
3.0,4848.095348180592,5.0,Rural,3.0,61.0,624857.850084945
1.0,1363.0210501633726,1.0,Urban,2.0,83.0,295924.916019461
6.0,790.2107206212539,2.0,Urban,3.0,76.0,240147.12059325108
1.0,1491.013856197918,4.0,Suburban,0.0,6.0,323537.2275151551
5.0,2436.6863736085697,3.0,Urban,1.0,92.0,613892.9977763996
3.0,4601.845819963924,1.0,Urban,3.0,39.0,1062279.5701917475
1.0,2729.534465574418,2.0,Suburban,3.0,96.0,560890.7462653976
2.0,4820.755031279355,4.0,Urban,0.0,98.0,1075341.329324876
,1274.4977127024997,2.0,Suburban,1.0,8.0,306890.4523894277
4.0,3032.2026456005265,2.0,Rural,3.0,62.0,430544.0526692895
1.0,678.946842448563,2.0,Rural,1.0,14.0,169856.3098225863
6.0,4819.21933134168,3.0,Rural,1.0,17.0,654859.7384408952
4.0,2101.880182076837,1.0,Suburban,0.0,75.0,412108.5938379967
4.0,2349.921239961979,1.0,Urban,2.0,33.0,634755.771158146
2.0,4434.020258622582,1.0,Suburban,0.0,31.0,782040.6772883121
4.0,,3.0,Rural,0.0,40.0,275756.18171852117
3.0,,2.0,Urban,1.0,28.0,541199.0650676892
4.0,2000.3329497159973,2.0,Urban,1.0,69.0,512343.6384734155
1.0,1075.9469384011388,5.0,,2.0,37.0,373785.5305374143
5.0,4532.33800307558,1.0,Urban,2.0,79.0,1125573.4321777793
2.0,3695.609443091296,2.0,Suburban,3.0,,737701.6064503825
1.0,3698.981225070436,5.0,Urban,2.0,5.0,994417.7110692904
2.0,3370.446916986353,5.0,Urban,0.0,55.0,906676.9731329796
,2652.053103716325,2.0,Rural,0.0,96.0,232481.36093182725
,757.7611298493051,5.0,Rural,1.0,82.0,240611.496266243
5.0,1830.626033187219,4.0,Suburban,3.0,87.0,497232.5404631984
6.0,4807.952995525642,,Urban,,61.0,1181987.761577735
4.0,2513.60663595106,4.0,Rural,0.0,76.0,337847.99348091154
3.0,2133.953314853047,4.0,Suburban,0.0,70.0,364819.314654256
4.0,3871.776707130994,5.0,Suburban,3.0,65.0,904641.818676024
5.0,4960.684520301349,3.0,Rural,1.0,73.0,683089.4009905249
5.0,2916.533697581113,5.0,Urban,,92.0,759381.3750640582
4.0,1648.8908442676925,1.0,Urban,3.0,44.0,602021.290019652
5.0,908.2476600571896,4.0,,0.0,16.0,407651.0113900326
4.0,1420.0739872462032,3.0,Rural,0.0,33.0,284255.54800616065
2.0,1489.1240697043552,4.0,Suburban,3.0,94.0,266799.34764500015
6.0,1739.9657264876753,2.0,Urban,0.0,7.0,619432.9062803347
6.0,7319.690027727971,1.0,Urban,1.0,63.0,1415003.9625781965
3.0,1486.732828657441,5.0,Urban,2.0,96.0,483476.41880912107
5.0,2825.5547260767116,3.0,Rural,1.0,50.0,404009.68229553447
5.0,2865.902988016107,2.0,Rural,1.0,5.0,402676.6742110351
5.0,4289.334968293607,5.0,Suburban,0.0,78.0,892476.0574798511
1.0,4877.493453014386,3.0,Urban,0.0,34.0,1107343.1615074426
2.0,3224.9217094019727,1.0,Urban,3.0,,734050.098384358
3.0,2130.20639194366,3.0,Suburban,3.0,87.0,457789.86814546736
5.0,4880.55825489278,4.0,Urban,1.0,98.0,1129847.0219478211
6.0,4651.803761395054,4.0,Rural,1.0,52.0,727615.8778518959
4.0,4457.734568276569,4.0,Suburban,1.0,10.0,1043084.2341458766
4.0,,2.0,Rural,0.0,73.0,511707.95008999447
,4634.050086470769,5.0,Urban,2.0,87.0,1177992.6636287677
3.0,4066.346263833136,3.0,Suburban,1.0,12.0,826439.2607853138
1.0,3625.0270525881897,1.0,Suburban,0.0,,568559.8078405438
2.0,2965.0311247249374,,Rural,2.0,93.0,403768.9528406556
2.0,1913.273577467294,2.0,,1.0,23.0,218763.29564122355
1.0,525.4961653830527,2.0,Urban,2.0,20.0,179718.0672543973
3.0,2288.5167060459125,4.0,Urban,1.0,45.0,626832.4645720687
4.0,3534.3671288407177,4.0,,2.0,32.0,421294.9155226195
2.0,2141.5919861503826,5.0,Rural,1.0,,373700.04490028863
6.0,4496.17578962053,4.0,Suburban,2.0,23.0,970413.4012576564
5.0,3357.9009765937344,4.0,Suburban,0.0,6.0,837488.5091449285
2.0,1599.5297335390976,5.0,Urban,0.0,75.0,401974.01127065247
6.0,4911.960066216673,4.0,Suburban,0.0,84.0,1055399.6375393134
5.0,974.1539027876267,2.0,Suburban,0.0,0.0,310998.98418310424
2.0,2584.8214397275856,1.0,Urban,0.0,35.0,566452.1059393157
3.0,563.8552222809523,3.0,Rural,0.0,51.0,61949.344210402254
3.0,,1.0,Rural,0.0,28.0,667230.7604919483
5.0,752.612465372945,4.0,Rural,2.0,96.0,221653.24428670245
6.0,3391.5918602623533,4.0,Suburban,2.0,11.0,731794.6228159415
1.0,3196.042632681463,1.0,Urban,1.0,73.0,594348.3567438576
4.0,2227.312183405083,4.0,Rural,3.0,63.0,396485.11729281273
3.0,599.1582213387688,5.0,Rural,1.0,79.0,148465.73283202684
2.0,1053.3686383833203,4.0,Suburban,3.0,42.0,286564.0711682921
6.0,4951.479892809875,1.0,Suburban,1.0,11.0,1107452.4355049
2.0,4957.4571474656,4.0,Urban,2.0,88.0,1185670.5350576346
2.0,1079.8192040011468,4.0,Urban,3.0,0.0,418380.822032456
6.0,4499.993408016334,3.0,Urban,2.0,8.0,1273579.8524273552
1.0,2730.6668760435095,1.0,Urban,1.0,50.0,572563.4273314221
4.0,946.8599123916184,1.0,Rural,3.0,63.0,200452.50941065073
5.0,759.834733411282,2.0,Rural,,28.0,122147.9459371994
3.0,3414.9840482765394,1.0,Urban,1.0,23.0,831984.5123962264
3.0,3114.5679201879925,4.0,Rural,0.0,56.0,435305.12226148753
4.0,1673.2098496396245,1.0,Rural,0.0,94.0,215462.80763143155
5.0,1227.9389510844933,2.0,Urban,0.0,68.0,409321.3613712899
6.0,1652.2140429722942,5.0,Suburban,0.0,71.0,400887.7611326524
1.0,3146.2627014053564,5.0,Suburban,3.0,49.0,764306.6227568325
,884.0360141794619,1.0,Urban,2.0,49.0,241859.67562882413
1.0,535.83982135453,2.0,,2.0,63.0,109250.80819576784
6.0,3543.9186305227654,2.0,Rural,1.0,76.0,569584.0670457969
4.0,566.0017567081871,1.0,Urban,0.0,49.0,178450.8735386753
5.0,3762.415264658236,3.0,Rural,3.0,32.0,538718.8102701626
4.0,2872.517813779101,5.0,Suburban,0.0,76.0,654332.433032569
4.0,651.5113019624272,2.0,Rural,1.0,94.0,97767.03145198995
6.0,2180.9966047145685,3.0,Urban,1.0,34.0,755432.77117783
4.0,2031.8262950730411,2.0,,0.0,43.0,352605.1560948948
6.0,,4.0,Rural,1.0,,521428.2458576773
2.0,4927.28140784947,1.0,Rural,3.0,44.0,594224.0895208898
5.0,2279.454205968115,4.0,Suburban,,,462669.2400597263
3.0,3834.415626235603,4.0,,2.0,44.0,1051310.710983273
1.0,2616.4357434580356,,Suburban,0.0,40.0,500338.02492117736
1.0,3468.33214877634,2.0,Rural,1.0,60.0,428731.2694583259
5.0,2664.0770033888134,3.0,Urban,1.0,77.0,624628.8879536284
1.0,2123.476335997699,4.0,Rural,1.0,99.0,343217.43377235875
4.0,939.0312960768488,3.0,Rural,2.0,65.0,224090.90305282432
1.0,964.046130836341,4.0,Suburban,3.0,,284535.86485327815
3.0,3563.401518322185,1.0,Urban,0.0,51.0,740993.8436368012
1.0,,3.0,Rural,3.0,72.0,55916.95382777513
5.0,2563.69074581228,2.0,Urban,3.0,16.0,823033.0000538443
5.0,3015.4128534489832,1.0,Urban,3.0,,922731.9866618628
3.0,869.9317867030175,2.0,Urban,0.0,3.0,342951.0047358541
,510.4289655716624,,Urban,1.0,22.0,257125.25239393272
5.0,2268.3840140538105,2.0,Rural,1.0,92.0,320200.55893753964
1.0,2847.785209862959,3.0,,2.0,27.0,392736.9820491547
4.0,704.3147666091164,5.0,Urban,2.0,91.0,419387.2642839056
5.0,2850.99865432459,1.0,Suburban,1.0,88.0,554023.7432369094
3.0,4525.036505709045,3.0,Urban,0.0,26.0,1126028.7302885137
1.0,3296.050237640883,1.0,,2.0,50.0,668798.4640491008
3.0,,4.0,Urban,,15.0,597225.3223978519
6.0,2243.266635508967,3.0,Suburban,1.0,65.0,541097.1403636248
4.0,4357.08301935327,4.0,Urban,3.0,61.0,1093135.4684481374
5.0,2458.958996548563,2.0,,,47.0,727397.1536208728
6.0,558.6330549068769,1.0,Urban,3.0,5.0,326340.62340738234
3.0,3684.597468487784,4.0,Rural,3.0,12.0,512396.1545208685
,1022.8593043645068,4.0,Rural,3.0,26.0,231346.78437332943
2.0,3448.7708436124617,,Urban,2.0,62.0,837791.7876361714
2.0,2570.7301901979786,5.0,Urban,1.0,60.0,614090.3784649278
2.0,3576.8934750966914,2.0,Urban,1.0,89.0,738798.2924055962
2.0,843.8758674712315,2.0,Urban,2.0,90.0,185777.3512024024
4.0,2492.226350507872,4.0,Rural,1.0,18.0,440404.44455539185
5.0,4768.625096831452,3.0,Suburban,0.0,3.0,923408.0616983572
4.0,2352.449572055161,5.0,Urban,2.0,70.0,597829.2074412397
4.0,4148.086675938198,4.0,Urban,3.0,83.0,1100308.1489378044
2.0,,3.0,,0.0,96.0,288547.766602385
,4781.65351849696,2.0,,3.0,99.0,1190811.6577315305
1.0,4595.605865519604,4.0,Suburban,0.0,6.0,896703.4169892216
1.0,3827.337034240903,,Rural,3.0,,476957.4157235679
4.0,4144.370843122638,1.0,Rural,2.0,95.0,549458.2424191314
2.0,3034.96088914871,2.0,Suburban,0.0,28.0,653473.9893213416
2.0,768.724200369002,1.0,Rural,1.0,70.0,86987.46986780627
1.0,3483.689020252215,5.0,Rural,1.0,72.0,514214.3865402251
5.0,540.6368185829762,2.0,Suburban,2.0,90.0,230849.7725941592
1.0,3073.1412362321917,2.0,Rural,0.0,18.0,378046.2593148024
,2207.7630651862337,2.0,Rural,1.0,37.0,343104.35757790384
4.0,2472.732410138426,3.0,Suburban,0.0,76.0,513991.78436278267
1.0,4421.607896194402,5.0,Urban,1.0,38.0,1077565.0307893918
1.0,2151.302356421603,4.0,Rural,3.0,38.0,314001.45943136263
6.0,1777.3453787389026,4.0,Rural,2.0,19.0,303237.691479469
4.0,2435.4629443841004,3.0,Rural,2.0,47.0,320451.5716783407
1.0,724.289125023237,5.0,Suburban,3.0,82.0,150464.90099706533
6.0,1764.6713662146271,2.0,Rural,3.0,93.0,200401.91111996205
3.0,1292.429620987676,5.0,Rural,,78.0,255838.75603918653
5.0,2473.42319841846,5.0,Rural,0.0,79.0,406988.18782871496
5.0,4997.947634235925,5.0,Suburban,3.0,25.0,1120000.1456084726
2.0,1003.7116715968864,4.0,Rural,1.0,35.0,68166.10571336828
1.0,2438.87941192115,1.0,Suburban,2.0,0.0,451265.2421741639
5.0,1704.9950396975037,2.0,Suburban,2.0,67.0,299709.1147088104
5.0,4686.434981770207,3.0,Urban,2.0,42.0,1276320.1194696494
3.0,700.6770876783269,2.0,Rural,3.0,,164081.25080207756
,1770.9390440893028,2.0,Rural,3.0,59.0,170621.9382940205
,1498.552073529678,4.0,Rural,0.0,14.0,354186.8039835491
5.0,,1.0,Suburban,2.0,68.0,551251.5415471627
,2428.837461367141,2.0,Urban,1.0,50.0,635336.3103689563
2.0,1810.1491150333056,2.0,Urban,2.0,54.0,491488.9236544459
2.0,2321.5929308833993,1.0,Suburban,0.0,99.0,399415.1148966706
6.0,1909.428174815783,3.0,Suburban,1.0,34.0,548071.6788780922
6.0,4186.647971921575,5.0,Suburban,0.0,40.0,983236.005669364
2.0,,2.0,Urban,0.0,,718815.4505893388
4.0,1170.4988126715955,3.0,Suburban,0.0,30.0,390247.901111068
2.0,4729.189063670788,1.0,Rural,2.0,65.0,577109.8449887226
2.0,1295.9921531473449,,Urban,2.0,36.0,269029.3754912447
6.0,3886.872323323262,4.0,Rural,1.0,36.0,691485.2107847093
1.0,,5.0,Suburban,2.0,64.0,627412.664910304
1.0,2795.4937062447134,5.0,Urban,3.0,36.0,805065.6361997203
2.0,4192.69440954464,3.0,Suburban,1.0,52.0,923566.2018128572
5.0,4940.118411607227,4.0,Rural,1.0,21.0,711399.2869274644
6.0,3567.5126708072903,3.0,Urban,1.0,38.0,956229.342732102
2.0,3933.987636205887,5.0,Urban,2.0,94.0,914967.742371634
2.0,2797.5280793420216,2.0,Rural,3.0,67.0,407389.24954591086
5.0,4759.8707938982325,3.0,Rural,1.0,81.0,591674.304350143
5.0,1649.360681083488,1.0,Urban,0.0,49.0,457253.5328031315
6.0,4207.001405455243,5.0,Rural,0.0,13.0,631570.8427815187
3.0,,1.0,Urban,1.0,68.0,669702.0153678197
3.0,2719.745810527098,3.0,Rural,1.0,55.0,365393.7685196278
3.0,1267.991413474993,2.0,Rural,1.0,1.0,211838.5327029756
1.0,814.6922256924536,4.0,Rural,2.0,30.0,125924.12844092611
,2866.1566949299568,3.0,Rural,1.0,29.0,388710.822916505
2.0,1493.354698037518,2.0,Urban,2.0,24.0,360774.5674624589
1.0,4375.938316167909,1.0,Suburban,0.0,39.0,751155.1610693579
,2056.642013757624,1.0,Rural,0.0,0.0,348916.2101808497
1.0,2933.3055520989687,5.0,Rural,1.0,73.0,389289.92130233854
6.0,4938.110023781307,5.0,Rural,0.0,55.0,697686.1498343606
,3028.9678136006305,1.0,Suburban,0.0,18.0,555067.9617577408
2.0,4962.841777255275,2.0,Rural,3.0,95.0,608028.4016691662
4.0,3420.8359645747687,,Suburban,3.0,77.0,653067.7252334291
2.0,2524.2899358765167,1.0,Suburban,1.0,44.0,514788.99895047693
3.0,2941.1195155819523,3.0,Rural,1.0,66.0,292637.028378778
4.0,1655.9773144057167,2.0,Rural,3.0,,226223.93748084296
3.0,1758.6659231216563,1.0,Suburban,3.0,33.0,461956.9726638214
,3555.403218671189,2.0,Rural,1.0,68.0,502642.26652972633
4.0,,3.0,Suburban,2.0,1.0,575427.4902031769
1.0,3193.392090579646,4.0,Urban,0.0,15.0,864353.5755929474
5.0,3569.872462819747,2.0,Urban,0.0,88.0,766986.9070621476
6.0,3183.4468348716573,1.0,Urban,1.0,32.0,849532.4836561203
2.0,1380.2417287003177,1.0,Suburban,,56.0,293516.2955178723
4.0,2807.268774177992,2.0,Suburban,1.0,4.0,632828.0313028954
2.0,2258.2776452612597,3.0,,3.0,56.0,309212.3313610695
2.0,1185.4831525904096,3.0,Suburban,3.0,35.0,321295.53277325514
5.0,2878.601493749887,2.0,Suburban,0.0,67.0,608149.6872902542
3.0,2312.4397930801333,5.0,Rural,3.0,51.0,333437.249161318
4.0,4237.40505382178,3.0,Suburban,2.0,82.0,782294.5271531079
4.0,1732.0608838134792,1.0,Suburban,2.0,63.0,496789.4547298625
4.0,7319.690027727971,2.0,Suburban,1.0,2.0,1415003.9625781965
5.0,1506.2649552334003,2.0,Urban,1.0,81.0,461166.4677478612
6.0,3747.746987227307,3.0,Rural,2.0,88.0,594572.3400263116
2.0,1322.6325649560522,4.0,Rural,3.0,95.0,132695.5413308012
5.0,4896.96904873208,4.0,Rural,0.0,11.0,651771.9613558582
1.0,3085.64322042995,4.0,Suburban,1.0,97.0,574951.9715246152
5.0,1394.8532499888315,4.0,Urban,2.0,30.0,540769.7396867028
1.0,7319.690027727971,3.0,Urban,0.0,17.0,1415003.9625781965
2.0,1828.7523014913952,5.0,Rural,1.0,55.0,187736.0335378425
1.0,1986.8360174409825,1.0,Suburban,2.0,55.0,304678.6270387719
6.0,2971.086513247277,3.0,Suburban,3.0,,707380.2342557916
5.0,1215.6125168311758,4.0,Urban,0.0,99.0,382595.9340357175
3.0,3493.8144589012486,3.0,Rural,0.0,68.0,518453.7794521458
6.0,4681.797810179268,5.0,Urban,0.0,67.0,1290743.870936955
1.0,3380.0133507661117,3.0,Suburban,3.0,45.0,630865.9227876201
6.0,,2.0,Urban,3.0,83.0,370017.5023323531
1.0,701.503027271007,3.0,Suburban,3.0,25.0,292233.3707458689
,1111.050711787717,5.0,Urban,,83.0,453305.9346004609
1.0,2668.403656735775,5.0,Urban,0.0,88.0,720563.3002799687
4.0,3541.314859089514,1.0,Suburban,0.0,38.0,674375.6409937443
1.0,2967.442626768909,3.0,Suburban,2.0,39.0,566789.9719669382
5.0,2747.442964400759,5.0,Urban,2.0,57.0,847466.6107516332
5.0,4470.163502426814,2.0,Urban,1.0,11.0,1205172.158969081
3.0,1116.495783741521,1.0,Urban,,20.0,395894.9889929668
5.0,,3.0,Urban,1.0,10.0,1415003.9625781965
4.0,1161.7783275496477,1.0,Rural,1.0,60.0,171522.3274991341
3.0,1283.3675389014318,4.0,Suburban,3.0,52.0,411939.2196621783
3.0,2136.619061402631,4.0,Urban,0.0,65.0,543070.3015171578
2.0,4247.062112061694,3.0,Rural,3.0,58.0,573014.3632269101
3.0,2565.335657197844,5.0,Suburban,0.0,24.0,541074.3810060318
5.0,2725.1650908279184,4.0,,,50.0,786140.1597445235
5.0,3348.0784880529536,3.0,Suburban,1.0,3.0,714277.9245038463
2.0,4399.465917870891,1.0,Suburban,0.0,67.0,816771.1453672744
1.0,3548.9342547659035,3.0,Urban,2.0,78.0,818757.9619429376
5.0,2542.760816487607,,Suburban,3.0,79.0,655542.5995292903
1.0,4447.122986801318,3.0,Suburban,3.0,88.0,755942.1302118462
4.0,2576.504803492907,4.0,Urban,1.0,99.0,676165.7878182302
6.0,1611.0834200041352,4.0,Urban,2.0,86.0,489195.2328060416
5.0,1050.9525426152347,2.0,Urban,3.0,82.0,337917.44627087313
2.0,1204.8729663821373,5.0,Rural,3.0,31.0,252598.6504282346
3.0,1280.6603341968075,3.0,Rural,,,197389.87645786972
5.0,4556.223934888707,1.0,Urban,1.0,93.0,1053159.0486356327
6.0,657.5356166306254,4.0,,1.0,12.0,267705.0569532594
3.0,2263.20783477575,2.0,Suburban,3.0,36.0,551373.5877577573
6.0,2090.573332460521,4.0,Suburban,3.0,22.0,631129.4024347655
1.0,3796.858556153747,3.0,,2.0,69.0,628375.231972678
1.0,1230.718525980444,3.0,Suburban,3.0,39.0,289846.29664241034
4.0,2983.956359543245,4.0,Urban,2.0,53.0,871304.7637290303
2.0,4901.278180880879,2.0,Urban,3.0,,1336717.9073920082
4.0,4312.127703622033,4.0,Suburban,1.0,40.0,919895.949874804
1.0,892.3076052432402,4.0,Rural,3.0,30.0,229903.57531857712
4.0,1202.737301564783,3.0,Suburban,2.0,60.0,303858.44133289705
3.0,2577.79766125572,1.0,Rural,0.0,4.0,368338.8477210164
5.0,4467.035547233406,1.0,Suburban,2.0,48.0,924824.9261459024
2.0,2732.7487285094876,5.0,Rural,2.0,59.0,293269.9744722764
4.0,4213.403453370057,2.0,Urban,3.0,77.0,1035047.7022257808
6.0,2034.9051101339924,2.0,Rural,3.0,77.0,406984.3662720369
6.0,2196.113741313674,5.0,Rural,1.0,32.0,384678.44411668135
5.0,4598.044607458128,5.0,Rural,0.0,5.0,673266.2851731434
2.0,3432.505634178917,4.0,Urban,1.0,15.0,838179.5691440696
5.0,4544.8132468111135,3.0,Urban,1.0,24.0,1234366.2589646303
2.0,2177.818867350205,2.0,Urban,0.0,85.0,501731.76903561753
4.0,3930.390644098724,3.0,Suburban,2.0,93.0,673267.0580117722
2.0,3387.3435897230956,4.0,Rural,0.0,52.0,428793.59556726104
2.0,2527.6865854241028,3.0,Suburban,0.0,86.0,462108.2417320947
6.0,2357.425081697117,3.0,Suburban,1.0,2.0,707189.6166358977
6.0,1743.9876076252824,5.0,Rural,1.0,53.0,451120.3900277326
5.0,3650.1542274744697,3.0,Rural,3.0,48.0,647574.5650271011
5.0,2451.44900280375,4.0,Suburban,0.0,48.0,497261.4072266617
6.0,3746.2705299782974,4.0,Suburban,2.0,66.0,828101.0211209719
2.0,530.0695815074951,,Urban,2.0,67.0,158038.59320966806
3.0,3541.285602893192,,Suburban,0.0,60.0,602547.3604022645
1.0,1064.1041410657351,5.0,Rural,0.0,41.0,178331.5286682535
2.0,4141.959792283681,5.0,Urban,3.0,44.0,1012373.4559979008
3.0,3432.6979155993577,3.0,Rural,0.0,18.0,463575.83061295224
6.0,4793.1490741326825,1.0,Suburban,3.0,35.0,1054237.382373213
1.0,2236.435263028022,3.0,,2.0,42.0,310342.6013669636
1.0,2459.7745447917173,2.0,Rural,3.0,98.0,210811.53241377455
4.0,4431.753140820013,2.0,Suburban,2.0,55.0,888628.188390408
5.0,2342.6503385234173,1.0,Urban,1.0,82.0,614636.1883485673
,3812.901912773429,3.0,Suburban,0.0,52.0,680177.7410968406
4.0,4883.74082882607,1.0,Suburban,3.0,60.0,977022.9570637774
6.0,3427.302415062721,1.0,Rural,3.0,30.0,609555.0114418673
3.0,,4.0,Rural,1.0,20.0,526760.9116606058
6.0,810.6329339953234,5.0,Suburban,0.0,46.0,373607.541729715
5.0,3595.478494459618,1.0,Suburban,0.0,95.0,682382.4727000615
6.0,2467.2442496757194,3.0,Suburban,0.0,91.0,477958.1522052197
2.0,1402.5211298284232,1.0,Rural,2.0,40.0,130104.98136843262
1.0,1517.6617321547333,3.0,Rural,1.0,,276484.2245635472
5.0,4574.119434250417,2.0,Rural,0.0,29.0,631184.1403661213
6.0,1091.8322011237003,3.0,Suburban,0.0,18.0,364942.37130268675
2.0,4910.490465861951,3.0,Urban,2.0,2.0,1286426.419519353
,,3.0,Rural,1.0,92.0,431397.5311255858
1.0,715.2386917734746,5.0,Urban,1.0,44.0,188910.60333277748
4.0,4343.61198942727,4.0,Rural,1.0,87.0,527752.5708881271
5.0,4337.2760894407,3.0,Urban,3.0,83.0,1117787.4910481004
5.0,1694.2433413468757,1.0,Rural,2.0,92.0,207150.3433606588
2.0,3274.2487710278756,4.0,Suburban,1.0,88.0,542208.4585163418
3.0,1656.712698944359,3.0,Urban,1.0,22.0,609915.7171761096
4.0,4823.512481691396,,,2.0,59.0,1032032.960732796
4.0,1706.6255904298102,3.0,Suburban,3.0,65.0,358484.04901347635
6.0,4964.5999235330255,2.0,Urban,0.0,10.0,1268626.0914024208
2.0,1777.2280116058412,1.0,Urban,0.0,59.0,290457.5168397627
5.0,1811.730834156753,3.0,Urban,2.0,13.0,636017.446704976
3.0,,3.0,Urban,3.0,46.0,691948.9729044907
3.0,2387.253252501373,,Rural,3.0,15.0,414989.55413950933
6.0,1281.8866804803254,2.0,Suburban,2.0,86.0,355327.2020780352
3.0,4051.223809649291,,Urban,2.0,72.0,984014.7190187444
,1312.675691788854,5.0,Suburban,0.0,,217885.80825121643
3.0,923.6835955656404,4.0,Suburban,0.0,12.0,270057.2151082436
5.0,4485.28893908798,2.0,Urban,1.0,24.0,1098826.057312737
2.0,555.3936635723402,4.0,Urban,1.0,43.0,183783.66015545625
4.0,3400.1162470446516,5.0,Suburban,,0.0,954959.8134337104
3.0,1173.6678558063095,5.0,Rural,3.0,86.0,170454.1032338533
1.0,3996.176046472515,4.0,Urban,2.0,36.0,1041452.4850105356
5.0,1557.667466617213,4.0,Urban,3.0,25.0,547095.9411282042
1.0,4537.338534340785,5.0,Rural,1.0,45.0,601304.8333040419
6.0,879.3559157510767,3.0,Rural,0.0,57.0,145554.05960533256
1.0,2409.3359864819963,1.0,Suburban,2.0,60.0,425140.4381357826
4.0,4450.510215685974,3.0,Urban,3.0,32.0,1123640.4760349009
2.0,1574.8549718086745,3.0,Suburban,3.0,34.0,423209.86464859376
3.0,846.8510537815731,,Urban,3.0,16.0,421938.8654511416
3.0,4439.800519486773,3.0,Rural,,62.0,587369.6874264594
5.0,3809.775229193919,2.0,Suburban,1.0,70.0,741995.5164096389
4.0,1203.7181198155158,3.0,Suburban,0.0,60.0,346128.2833731912
6.0,3382.8601676116396,3.0,Suburban,0.0,43.0,744555.013992086
5.0,3459.021407501104,1.0,Rural,0.0,99.0,499700.97061232023
4.0,3790.924338664833,2.0,Urban,1.0,,913901.2755616914
6.0,4282.035828246201,1.0,Suburban,2.0,48.0,779921.173636787
3.0,1598.6628069006842,5.0,Suburban,0.0,71.0,416092.2956542011
2.0,4885.663151008984,3.0,Urban,1.0,58.0,1081836.2893504866
5.0,2311.00986845151,5.0,Suburban,1.0,67.0,520570.1636938365
3.0,7319.690027727971,1.0,Suburban,1.0,2.0,1415003.9625781965
6.0,699.7449747688449,3.0,Urban,3.0,10.0,419966.86744561617
1.0,4261.991287015442,1.0,Rural,3.0,93.0,530244.0992846384
3.0,4200.770384676762,,Urban,0.0,75.0,1031809.4633065946
6.0,1966.204029040024,2.0,Suburban,2.0,3.0,570670.3439710967
3.0,4682.420125129013,5.0,Urban,1.0,44.0,1282181.346518017
5.0,929.1722102287638,2.0,Rural,,62.0,95878.8880242976
3.0,1361.4245622479414,1.0,Rural,2.0,13.0,183681.0868011956
4.0,968.6181106412936,4.0,Urban,1.0,76.0,306373.93167710776
1.0,990.1325383102916,3.0,Urban,2.0,57.0,352326.11821617273
1.0,3357.320205159649,5.0,Suburban,,33.0,651588.0688013302
2.0,3503.0767912089277,4.0,,0.0,82.0,620746.3524298249
1.0,3338.1521202145327,2.0,Rural,1.0,5.0,514653.2717533519
4.0,3667.065399457285,1.0,Suburban,3.0,53.0,744847.7201102065
1.0,3224.771449771444,1.0,Urban,2.0,92.0,638231.3154850554
2.0,4786.102025095311,3.0,Rural,0.0,28.0,534634.2882669005
5.0,3405.8322954302553,3.0,Rural,3.0,82.0,569253.6113339432
6.0,660.0689016599675,1.0,Urban,1.0,75.0,254215.75124206176
3.0,2190.525133467769,3.0,Urban,2.0,,582928.6398014125
3.0,4385.303450856508,3.0,Rural,1.0,16.0,580229.9804201978
1.0,637.4725569202099,4.0,Urban,0.0,11.0,314939.7318484479
6.0,1416.102261540092,2.0,Suburban,3.0,16.0,354620.01704620547
6.0,4803.440420243874,4.0,Urban,2.0,47.0,1290845.683530311
1.0,4759.899952970958,1.0,Suburban,0.0,90.0,819635.6007265294
2.0,7319.690027727971,,Rural,2.0,93.0,1211306.858521967
5.0,913.4189946952011,5.0,Suburban,3.0,97.0,356500.9400543521
1.0,2441.212919483336,1.0,Rural,3.0,74.0,324820.41231103195
1.0,2458.3117966491054,2.0,Urban,1.0,90.0,577553.3802511728
3.0,4294.751409213811,5.0,Urban,0.0,33.0,1077450.0275889842
3.0,1944.8649368917256,4.0,,3.0,28.0,446865.631860701
3.0,3255.161678428301,3.0,Rural,2.0,37.0,433255.74701073754
5.0,1642.194851705127,5.0,Rural,0.0,62.0,278769.6911888859
5.0,3218.3225468204864,3.0,Urban,,20.0,886176.6179000833
,3891.175838355888,1.0,Suburban,2.0,56.0,825527.2766334099
6.0,3828.7864943849327,,Urban,3.0,39.0,1086690.1288145292
6.0,938.8144653840386,5.0,Suburban,,52.0,421376.41468092334
6.0,2869.2463736920145,5.0,Urban,3.0,58.0,878973.0015243413
4.0,2944.8523551347976,4.0,Urban,2.0,67.0,695892.1389990477
5.0,2224.7790783899063,1.0,Rural,0.0,24.0,436087.7821495584
5.0,2747.002257403782,5.0,Urban,,31.0,852059.5503001672
2.0,2074.752227883379,1.0,Urban,3.0,62.0,659207.8154259751
6.0,1504.6852347733834,3.0,Suburban,0.0,54.0,447994.0499870593
2.0,2818.2882665017924,2.0,Urban,1.0,36.0,696240.1449682538
3.0,2116.1796334980418,2.0,Rural,1.0,23.0,356644.8599213914
,1068.1420225667605,3.0,Rural,3.0,88.0,156830.944322833
4.0,2599.735031137471,4.0,Suburban,0.0,37.0,721895.2637622333
4.0,3227.659542200659,4.0,Suburban,1.0,46.0,660353.592020509
6.0,2494.728893496282,4.0,Suburban,2.0,43.0,711931.1713017133
3.0,3224.672011464821,5.0,Urban,2.0,24.0,971481.6422545434
1.0,709.2526389802947,4.0,Suburban,2.0,50.0,214653.70065787013
,4479.694461603371,3.0,Urban,2.0,35.0,1222155.9726186113
4.0,2528.089137225109,3.0,Rural,3.0,89.0,455355.90324095066
6.0,4479.909239758897,2.0,Suburban,3.0,6.0,1013121.2567076412
1.0,655.0756674125,3.0,Suburban,0.0,33.0,222835.2373531908
5.0,3025.8209432678123,1.0,Urban,0.0,49.0,703815.0722543086
2.0,4312.722504748367,5.0,Rural,1.0,47.0,570154.9582436659
2.0,2197.911476328456,4.0,Suburban,3.0,18.0,525834.9107446689
4.0,2494.8792928272887,1.0,Rural,0.0,92.0,248359.47743515277
5.0,2684.115424219492,,Urban,1.0,22.0,789122.78777596
1.0,2325.880258767774,4.0,Rural,1.0,12.0,340702.92908970366
2.0,1977.715525482865,5.0,Urban,3.0,91.0,523921.42514441145
3.0,4511.66007030578,4.0,Urban,3.0,8.0,1259041.5441317838
,1581.7207491476772,2.0,Suburban,1.0,34.0,420001.80976568547
2.0,4555.83204848592,1.0,Rural,1.0,96.0,511220.1837080582
5.0,,5.0,Suburban,2.0,79.0,364029.5089250698
5.0,4110.594481216689,2.0,Urban,2.0,85.0,968383.6278546484
,4950.627612575782,2.0,Rural,0.0,56.0,586050.857457018
3.0,2471.7755588539444,1.0,Suburban,3.0,79.0,526661.5873447256
1.0,1933.740332436232,2.0,Suburban,3.0,12.0,440609.17314559617
5.0,1640.1072652684763,5.0,Rural,2.0,7.0,310096.47118838865
2.0,4641.337315487335,,Urban,1.0,52.0,1154552.2834990057
4.0,1432.8905143440109,2.0,Urban,3.0,30.0,442300.73325524264
1.0,4290.038358547766,5.0,Suburban,3.0,47.0,882044.8165152749
2.0,,2.0,Suburban,0.0,29.0,214698.54895405288
1.0,578.2090558346583,3.0,Suburban,3.0,44.0,137024.60637267886
3.0,4770.820383416798,1.0,Urban,3.0,83.0,1113433.691084847
4.0,3924.89737710744,5.0,Suburban,2.0,33.0,891739.5290697502
5.0,2741.1817687559105,2.0,Rural,0.0,13.0,434433.28928862605
5.0,4288.866671735189,1.0,Rural,2.0,94.0,571195.6748865623
2.0,1998.6569231242927,3.0,Urban,,44.0,555739.855776233
6.0,1165.9286631462564,1.0,Suburban,3.0,71.0,310729.52926315437
1.0,3168.1327992430183,,Urban,1.0,93.0,618135.3090220228
5.0,4665.536738963203,4.0,Urban,0.0,77.0,1169407.7611073763
4.0,3349.3533170605883,3.0,Rural,0.0,67.0,468102.3397854178
2.0,3781.5563431113937,1.0,Rural,2.0,20.0,482311.2668770058
4.0,903.3185261972396,3.0,Urban,2.0,27.0,434403.9290274157
4.0,1014.2859649909076,3.0,,2.0,5.0,230341.98787114985
4.0,,1.0,Urban,3.0,3.0,1304043.145003867
1.0,4220.667382083885,1.0,Rural,0.0,29.0,613989.7779128698
5.0,2960.9418464422006,1.0,Suburban,2.0,0.0,607731.5129793311
3.0,3439.6835865679855,3.0,Suburban,2.0,49.0,662612.1404847343
4.0,915.2815643296576,5.0,Suburban,0.0,5.0,385252.0435046442
5.0,4027.943114102099,5.0,Rural,,96.0,583121.0552498238
2.0,944.9312793828592,3.0,Urban,1.0,67.0,261825.0388328973
3.0,4742.740136359678,4.0,Suburban,2.0,61.0,956397.9194735816
3.0,1924.473493705415,1.0,Rural,1.0,88.0,241575.16011880297
3.0,1905.223037219582,4.0,Rural,1.0,25.0,360744.0229296783
6.0,3354.9086537896264,3.0,Suburban,2.0,85.0,728399.0476424545
5.0,1482.994322974882,5.0,Suburban,,35.0,551540.9803761622
1.0,3765.7665966384648,3.0,Suburban,1.0,40.0,677929.1632783471
6.0,2396.4981871066134,3.0,Rural,3.0,16.0,365131.3559554299
1.0,,3.0,Suburban,0.0,18.0,675825.2076637808
5.0,2928.796784419743,1.0,,0.0,53.0,719384.8473678732
1.0,807.503471805219,4.0,Suburban,1.0,39.0,230457.65370272985
1.0,3186.7111260306124,2.0,Suburban,1.0,64.0,608067.256801029
6.0,2050.7183800140183,4.0,Urban,1.0,49.0,685392.1084136397
5.0,971.6362924890744,4.0,Suburban,0.0,,227318.18059280183
4.0,2737.906007760376,3.0,Suburban,2.0,80.0,650827.9737378915
5.0,,2.0,Suburban,2.0,32.0,819740.9650546719
5.0,3857.9326586682737,2.0,Urban,0.0,79.0,1062905.5664017175
4.0,3829.938740085253,4.0,Rural,1.0,91.0,535414.9141179855
1.0,1416.502119977082,2.0,Suburban,1.0,20.0,418267.7108942617
1.0,2040.7263621509592,1.0,Suburban,0.0,13.0,436902.6091966665
3.0,3968.3413890749825,2.0,Urban,1.0,64.0,994023.7435367329
5.0,646.9055489555087,3.0,Suburban,2.0,16.0,243758.1868303385
5.0,809.2077463322049,4.0,Urban,0.0,53.0,339701.86973540636
5.0,1003.4627744710572,3.0,Suburban,0.0,5.0,241551.7553888051
2.0,4634.306197728698,5.0,Rural,1.0,,630474.7381162943
4.0,907.1676287917284,4.0,Rural,2.0,1.0,245074.85948017964
3.0,,2.0,Rural,3.0,23.0,520956.9320788211
1.0,2656.670404615418,3.0,Rural,3.0,6.0,400240.3424179461
1.0,3281.232534292337,1.0,Urban,3.0,88.0,542726.5024164902
2.0,1710.31525621912,1.0,Rural,3.0,34.0,320687.98596845457
5.0,3892.3928322661623,2.0,Rural,2.0,41.0,495577.0250859322
6.0,4718.08982397139,2.0,Rural,2.0,86.0,640489.6745020901
,6868.242324492487,,Rural,0.0,46.0,881279.6277593131
1.0,1521.3411246441387,4.0,Urban,0.0,21.0,434052.98460437026
3.0,2606.693635854637,5.0,Urban,,58.0,688649.1937702056
5.0,,2.0,Suburban,,89.0,506607.844913748
5.0,,2.0,Rural,0.0,9.0,252044.01491475073
6.0,3593.328638613069,2.0,Suburban,2.0,97.0,695391.9608809638
4.0,3663.245484404046,2.0,Urban,3.0,31.0,946621.95365644
5.0,4398.974003874405,5.0,Suburban,1.0,81.0,914401.6547051604
5.0,1227.2891507864215,1.0,Suburban,0.0,17.0,378940.5974860617
5.0,1529.1248423016416,4.0,Suburban,3.0,19.0,453835.2771056404
2.0,1750.199327517805,3.0,Suburban,3.0,66.0,312050.72785073443
4.0,1387.193569577948,3.0,Urban,3.0,42.0,505648.9828224056
3.0,4327.122266423769,4.0,Urban,3.0,41.0,1091314.7578886698
3.0,,3.0,Urban,0.0,34.0,322815.4468011931
6.0,2046.0221364906677,1.0,Urban,0.0,32.0,572158.3352873974
3.0,2203.143905686411,3.0,Urban,1.0,87.0,511113.4912649761
6.0,2990.2108453958645,,Rural,1.0,93.0,417696.0105296964
4.0,1299.948745330617,5.0,Urban,0.0,69.0,395088.7666111082
6.0,1648.8793612779434,5.0,Suburban,1.0,74.0,412706.64636812743
4.0,4975.9188870199905,1.0,Suburban,3.0,91.0,889395.2412134969
1.0,2853.881260618031,4.0,Suburban,1.0,9.0,589449.5910426246
6.0,3466.0119401128695,2.0,Rural,3.0,53.0,325688.65539057594
6.0,1360.6718806156402,2.0,Rural,0.0,43.0,323067.82118406217
6.0,2407.751658109859,4.0,Urban,,84.0,668036.0737249381
6.0,1536.129143197316,2.0,Rural,1.0,63.0,338352.0753579902
1.0,3179.1184756637185,2.0,Suburban,3.0,99.0,626318.8915711865
4.0,1418.110995823604,5.0,Rural,0.0,10.0,296767.2784402767
5.0,4014.4815212674616,5.0,Rural,3.0,23.0,584778.7584297212
4.0,2353.391331878732,5.0,Suburban,1.0,47.0,568626.5462351625
2.0,3856.370173821554,4.0,Urban,0.0,19.0,1042180.7975979684
1.0,2904.307483521541,1.0,Suburban,2.0,72.0,500490.9909967655
6.0,4578.8943376149655,2.0,Urban,2.0,87.0,1066344.6743280313
3.0,579.5951432596574,2.0,Rural,3.0,32.0,116059.42465596934
1.0,632.7682481534267,3.0,Rural,,31.0,143135.37067361642
4.0,3975.354568244043,1.0,Urban,0.0,43.0,1032905.2877999597
3.0,2031.710417000037,1.0,Rural,0.0,97.0,188430.305883307
6.0,1360.034192732012,3.0,Suburban,1.0,4.0,437835.6395633667
4.0,1333.5280094633436,4.0,Urban,1.0,17.0,589848.2580211004
1.0,4776.407388187663,4.0,Suburban,0.0,94.0,862805.6633678994
5.0,2615.821667134993,5.0,Urban,1.0,0.0,814663.6868548365
3.0,1097.2159421867482,3.0,Suburban,0.0,42.0,217077.97364679517
6.0,4469.61026426927,,Suburban,2.0,47.0,931502.7419763568
4.0,1722.0594413796794,5.0,Urban,3.0,26.0,616158.7137765809
2.0,2780.026920422356,5.0,Rural,0.0,79.0,443909.72869440325
2.0,733.5288478328489,2.0,Urban,2.0,3.0,286329.54067075544
6.0,4983.180289361946,2.0,Suburban,2.0,31.0,1039024.2245406152
4.0,4955.940021144296,,Suburban,0.0,9.0,1008456.983047102
2.0,3119.9394189570403,5.0,Suburban,1.0,60.0,722821.186510581
2.0,3882.97477867592,,Suburban,0.0,,745825.5105387615
5.0,4688.993174273638,1.0,Suburban,1.0,42.0,947764.3640278568
4.0,551.7161298415189,1.0,Rural,2.0,26.0,124109.93187120468
,4390.9717646318795,2.0,Rural,2.0,85.0,526701.4850454422
6.0,2499.644071586815,5.0,Suburban,2.0,56.0,624577.5496005025
5.0,4020.747482570393,2.0,Urban,1.0,26.0,1216879.2048980987
5.0,2525.5243691366495,1.0,Suburban,2.0,86.0,482152.6555228728
6.0,3918.251429149084,2.0,Urban,3.0,79.0,997734.5943179346
6.0,4467.481170497207,5.0,Suburban,2.0,92.0,1032598.8569155812
6.0,1049.1372244483189,5.0,Urban,0.0,68.0,438358.0286920902
2.0,1612.0919959762637,3.0,Suburban,2.0,51.0,392027.4068425499
6.0,4233.934041294402,5.0,Rural,0.0,24.0,638750.2854679584
5.0,4567.609986171686,5.0,Urban,1.0,46.0,1264914.3434328309
1.0,1543.0261563020752,3.0,Suburban,2.0,35.0,366830.8763828988
1.0,1345.2928364199836,3.0,Suburban,,67.0,374245.49384302023
3.0,4040.462765107073,5.0,Suburban,3.0,96.0,788329.4356404573
5.0,824.4999181824584,1.0,Rural,3.0,81.0,148933.53465914636
6.0,1596.4552222874,5.0,Urban,1.0,,487401.89408132667
2.0,3139.1559148491815,3.0,Rural,0.0,40.0,396894.56172575307
5.0,772.8301672991068,3.0,Rural,2.0,36.0,209064.76461848457
1.0,,4.0,Suburban,1.0,70.0,577260.1780657964
3.0,1889.144345179379,1.0,Rural,1.0,71.0,213700.6491739638
3.0,2154.8014286229945,2.0,Urban,1.0,64.0,595842.849073734
5.0,4023.574867925298,4.0,Urban,2.0,9.0,1042548.6603485404
3.0,1492.1766206298685,5.0,Suburban,3.0,79.0,424201.9900971401
1.0,722.7358407214998,1.0,Urban,1.0,79.0,128251.53064159684
2.0,2171.3990084287057,,,3.0,34.0,562262.4816841098
5.0,1847.49579721349,1.0,Rural,2.0,81.0,275342.17279233545
6.0,4685.76934447291,,Suburban,1.0,84.0,1036297.2947215914
2.0,1431.9271317945704,3.0,Suburban,1.0,63.0,215288.28922074544
5.0,3522.390266957134,5.0,Rural,2.0,16.0,597270.8529285798
2.0,599.1211455071765,1.0,Suburban,2.0,,114073.34640664991
6.0,4290.464771374704,4.0,Suburban,,92.0,855322.7175002529
3.0,1465.8263296646128,5.0,Suburban,3.0,69.0,460996.765719622
,2196.43493866826,5.0,Suburban,0.0,61.0,560963.3515437862
2.0,687.455682722071,3.0,Urban,3.0,80.0,227916.751716428
5.0,4448.10025492367,2.0,Suburban,1.0,82.0,816871.9170343333
3.0,2433.181746092291,1.0,Urban,1.0,80.0,613215.4369989617
4.0,4204.892434193231,3.0,Rural,3.0,31.0,598613.9526108415
6.0,1763.9688433380968,3.0,Suburban,0.0,68.0,465823.74174328614
2.0,3251.014709974911,3.0,Rural,0.0,3.0,476897.1588980912
6.0,3519.748777369615,1.0,Rural,0.0,89.0,474487.2299809549
3.0,2566.3515517965284,5.0,Suburban,1.0,0.0,646503.7492845979
5.0,4355.9327123379235,3.0,Suburban,1.0,59.0,877254.156378286
5.0,1243.8234993657854,5.0,Rural,0.0,42.0,215859.37442345655
3.0,4101.59695560533,1.0,Rural,0.0,86.0,484486.0757308813
3.0,4229.920743138314,1.0,Urban,2.0,70.0,940331.016029992
6.0,1182.0621721445311,4.0,,3.0,,548076.1389598729
4.0,2170.431922504992,3.0,Rural,0.0,26.0,327257.82474666595
1.0,2858.71626826773,2.0,Suburban,1.0,,613128.7882969368
,4098.734437841876,5.0,Urban,1.0,6.0,1238130.09170377
6.0,896.9076670544181,2.0,Urban,,10.0,415289.4385587081
2.0,1555.940487991322,3.0,Urban,0.0,92.0,403479.4425495732
3.0,3119.824535416654,5.0,Suburban,,43.0,670447.9099872648
6.0,514.2553186131578,4.0,Rural,2.0,,231465.73681705695
4.0,,4.0,,1.0,,841077.7481586447
2.0,3917.079615886759,4.0,Rural,1.0,38.0,511658.2400119733
4.0,3889.3430116103127,5.0,,2.0,38.0,1076472.548844756
2.0,4681.658291032531,5.0,Urban,0.0,62.0,1124140.7181982382
5.0,819.0120915107841,4.0,Rural,1.0,,167842.83799140027
1.0,,5.0,Suburban,1.0,85.0,189978.82715050635
1.0,2231.6162774949644,2.0,Suburban,1.0,87.0,401636.1561119219
5.0,4763.278623139011,5.0,Suburban,3.0,5.0,1059729.9630854735
1.0,2096.786121156006,2.0,Suburban,2.0,48.0,393615.01336444536
6.0,4725.756931852342,3.0,Rural,2.0,0.0,752156.8226676768
4.0,1310.0469686272556,2.0,Suburban,2.0,3.0,393662.6028703976
4.0,3874.328439964098,5.0,Urban,2.0,,973859.226817302
2.0,4152.884975895694,2.0,Urban,1.0,97.0,883152.1842548675
3.0,2868.2530715219123,4.0,Urban,0.0,74.0,705738.193219747
4.0,2737.6516864160967,3.0,Rural,2.0,91.0,360443.5312031998
3.0,1547.4341619557997,4.0,Urban,3.0,60.0,457717.99617447646
2.0,1637.6612274014026,,Suburban,3.0,66.0,305065.45463684056
4.0,551.6629688722003,2.0,Rural,3.0,87.0,64313.86627467957
1.0,4343.998578533906,1.0,Rural,3.0,58.0,554111.0581490356
3.0,3016.331630731969,,Urban,3.0,53.0,798922.5154308584
,2960.1523425054575,,Urban,3.0,11.0,837991.0660292296
6.0,2896.2171474671595,5.0,Urban,0.0,28.0,954151.7527197804
4.0,3114.19423968259,3.0,Rural,1.0,67.0,338393.71543443896
6.0,3894.140949547384,1.0,Rural,0.0,8.0,565179.6474577598
1.0,4854.90144696525,5.0,Urban,2.0,43.0,1204751.5029236395
2.0,1260.8648166019664,5.0,Rural,0.0,94.0,149333.40566803786
2.0,835.8341645168678,1.0,Rural,,18.0,171707.30172134313
2.0,920.3358738888302,5.0,Urban,3.0,21.0,359708.9025641628
2.0,2847.197282051112,4.0,Urban,1.0,77.0,726444.9695783032
1.0,,1.0,Suburban,0.0,56.0,519166.6650896505
1.0,1020.819230054174,,Suburban,1.0,40.0,373688.6064134804
4.0,725.083595695005,,Rural,1.0,24.0,131711.99327004192
5.0,1413.21365408706,5.0,Urban,1.0,18.0,615056.3705129933
6.0,2475.930043628728,5.0,Urban,0.0,61.0,798012.5934719933
2.0,3209.6553982361647,1.0,Rural,,81.0,318584.79633382516
5.0,727.2002498558356,1.0,Suburban,2.0,86.0,314968.4902418951
4.0,,5.0,Suburban,1.0,51.0,984022.7281679002
1.0,4211.5453532500405,,Urban,0.0,19.0,984539.4580114164
3.0,3258.0507238787714,1.0,Rural,2.0,55.0,365382.0314137354
2.0,4301.5524632870965,2.0,Rural,3.0,89.0,524463.0391418152
1.0,3131.018151991649,3.0,Urban,2.0,84.0,752383.614747675
2.0,4986.851706867477,4.0,Urban,3.0,12.0,1338787.78973896
1.0,509.0833298670526,,Rural,1.0,36.0,56115.66846305631
1.0,4181.120371124119,4.0,Urban,3.0,30.0,1080161.3732856635
1.0,1493.6118340353762,3.0,Rural,3.0,2.0,269119.75904104527
6.0,2652.148825591657,2.0,Urban,2.0,56.0,802143.7510807669
1.0,3928.58069059587,4.0,Urban,0.0,36.0,853792.0667809538
3.0,2229.078290618216,5.0,Urban,1.0,99.0,574235.7871096426
1.0,4408.4817784413,4.0,Suburban,1.0,65.0,799325.8639383297
2.0,7319.690027727971,5.0,Rural,2.0,4.0,1182415.705264978
5.0,3841.3887477818967,4.0,Suburban,3.0,21.0,856143.3021750365
1.0,1248.4922348441396,2.0,Urban,1.0,43.0,284929.003913556
1.0,,3.0,Suburban,3.0,66.0,543797.4475693875
6.0,849.2659012914838,2.0,Rural,,70.0,238301.30951056036
4.0,4551.4457063342215,2.0,Urban,3.0,18.0,1213352.7132577572
6.0,3170.9235610541623,4.0,Rural,0.0,82.0,455989.3213766251
1.0,2726.038353160775,5.0,Suburban,2.0,63.0,500281.3251095851
6.0,,5.0,Rural,0.0,27.0,266255.63936361397
2.0,3174.308377527986,5.0,Urban,2.0,20.0,974379.125047076
3.0,3560.593689965531,,Rural,0.0,45.0,478794.88050490135
6.0,2241.854421510339,5.0,Rural,1.0,96.0,414609.62685762974
1.0,2000.581671182047,5.0,Rural,3.0,56.0,303151.5284638929
3.0,2680.707141584891,1.0,Suburban,3.0,41.0,624820.5439569571
1.0,4011.798992662735,3.0,Rural,2.0,68.0,642168.2958829593
1.0,3299.178030669472,4.0,Urban,1.0,55.0,768883.1570264024
4.0,921.525893176596,2.0,,3.0,70.0,175481.57559725613
1.0,973.6663333865556,3.0,Rural,2.0,92.0,159365.0896040516
5.0,4029.893861015379,5.0,Suburban,0.0,12.0,892031.683985773
1.0,3136.145656873559,3.0,Suburban,0.0,96.0,543012.6930597739
6.0,670.9170348043406,2.0,Urban,3.0,31.0,382788.2275965686
5.0,4577.296485588644,5.0,Urban,1.0,97.0,1062849.8857113132
1.0,1236.5771065938566,5.0,Rural,3.0,16.0,206369.2039614613
,1646.9701201169703,5.0,Urban,1.0,89.0,405359.1937409696
,4075.185351418208,1.0,Urban,0.0,75.0,981602.009695906
,2284.9689935460287,4.0,Urban,1.0,30.0,486595.23091663845
2.0,4032.939713430684,2.0,Urban,0.0,92.0,867168.0977645991
2.0,1492.5250621504547,4.0,Rural,2.0,35.0,233875.71252281847
5.0,2644.175227002317,4.0,Rural,2.0,25.0,406845.4373541885
2.0,623.3913948769595,2.0,Urban,1.0,54.0,139464.54515479098
6.0,4545.053708028059,2.0,Urban,2.0,24.0,1189681.5258879263
3.0,4714.021282476472,1.0,Suburban,3.0,18.0,934666.2001858545
1.0,3860.940722611202,5.0,Rural,1.0,67.0,427635.0973877917
5.0,2173.697005625892,3.0,Urban,2.0,16.0,718674.0494724483
1.0,1330.6330829166484,1.0,Rural,2.0,46.0,116971.23856154604
5.0,4191.69878352038,,Suburban,2.0,71.0,800832.0567501844
,530.1967563682698,3.0,Suburban,0.0,2.0,296914.84764064866
2.0,2655.8152839650807,3.0,Suburban,0.0,61.0,514986.58201871015
2.0,4430.014977757315,5.0,Suburban,1.0,32.0,971728.6311153764
2.0,1466.0053878764156,2.0,Suburban,,68.0,278433.9756546835
1.0,4912.325699004977,1.0,Urban,0.0,18.0,1168748.2841519257
3.0,3126.0063529616837,5.0,Rural,1.0,28.0,489575.5285765644
4.0,4979.662208169157,1.0,Urban,1.0,40.0,1168807.783224221
2.0,833.189980605566,1.0,Suburban,2.0,76.0,93535.46282692604
2.0,2973.1264552496464,1.0,,2.0,54.0,376277.75777225767
4.0,4468.964763747362,3.0,Urban,1.0,75.0,1092724.462710516
2.0,1622.8596507721188,1.0,Urban,3.0,6.0,512200.4835256304
1.0,3978.900687638598,4.0,Suburban,1.0,68.0,765073.7995723106
2.0,1757.1547127062238,4.0,Rural,3.0,91.0,291618.12117108016
4.0,2015.7822583749648,1.0,Urban,3.0,27.0,542842.83889539
2.0,1831.7429998639548,2.0,,2.0,26.0,322107.2988175817
2.0,4184.181757036547,1.0,Rural,0.0,56.0,568974.493225446
6.0,3784.3713898181527,1.0,Suburban,1.0,70.0,771276.5938111729
4.0,3278.082908358384,1.0,Rural,0.0,31.0,379514.4856834389
2.0,3335.939367481149,4.0,Suburban,,52.0,596343.951794195
6.0,3156.93990420212,,Suburban,0.0,39.0,725479.5183955509
2.0,1134.3183238479617,2.0,Urban,1.0,31.0,310359.77282582707
4.0,3309.914509122776,4.0,Suburban,2.0,54.0,811230.3019196383
6.0,4136.3567706012345,5.0,Urban,1.0,2.0,1315973.8978913934
4.0,3708.3200353646257,2.0,Suburban,2.0,52.0,792584.5820860695
4.0,2101.8696461977747,5.0,Suburban,2.0,87.0,553096.2620820666
3.0,,1.0,Rural,0.0,55.0,410719.9372931676
3.0,4466.528508537596,2.0,Rural,1.0,60.0,584933.0967149825
2.0,3429.308008031327,5.0,Rural,0.0,69.0,421102.1536480446
6.0,2357.0389673752848,,Urban,0.0,69.0,609428.5724750811
6.0,3194.1158104359383,3.0,Urban,0.0,22.0,963540.5081031708
1.0,1576.2145000200935,5.0,Rural,2.0,30.0,229205.76139929425
4.0,2893.5008555338136,5.0,Rural,1.0,2.0,534944.4606007095
3.0,545.4077301006113,2.0,Rural,0.0,8.0,213120.3589981891
5.0,2186.616055018083,5.0,Rural,2.0,40.0,419301.0784022982
2.0,2895.170960025681,5.0,Urban,1.0,68.0,784928.7244101116
6.0,3447.542024744489,3.0,Suburban,0.0,,612878.0104860694
2.0,3392.035959525906,4.0,Urban,0.0,21.0,858469.7296977425
4.0,,5.0,Urban,2.0,77.0,745707.950184651
2.0,1311.3857094025016,3.0,Urban,3.0,11.0,498390.63479423214
2.0,2097.684754033812,1.0,Rural,3.0,20.0,377996.0389476849
2.0,3067.923307464207,5.0,Suburban,3.0,5.0,711118.166150661
5.0,1540.0891059244098,3.0,Urban,0.0,26.0,503231.82398446125
3.0,4769.806801240087,3.0,Suburban,3.0,15.0,968616.206900059
2.0,1041.1125193025402,2.0,Rural,0.0,40.0,128044.3516906239
5.0,3837.704276808185,1.0,Urban,3.0,54.0,977148.5815306794
6.0,3761.854246917577,5.0,Rural,3.0,94.0,597160.8081725499
1.0,1381.283656641135,4.0,Suburban,,64.0,208969.73732284372
3.0,4330.284173837469,5.0,,2.0,32.0,1061233.7934692863
5.0,2314.676125057243,1.0,Urban,1.0,59.0,581486.0018988083
4.0,3817.311012532594,3.0,Suburban,1.0,70.0,781348.8940309928
1.0,1315.9367596647735,1.0,Suburban,2.0,84.0,202970.9793630704
2.0,2239.073785216162,4.0,,3.0,84.0,208784.4669529606
6.0,4582.3991970228,4.0,Rural,1.0,65.0,749156.9234057507
6.0,3184.1846374343972,1.0,,0.0,5.0,710793.0380276041
5.0,4127.881464517059,2.0,Suburban,3.0,17.0,886522.1579201742
5.0,2371.5831476612334,2.0,Rural,0.0,19.0,476600.9844619686
2.0,3651.133817500344,2.0,Urban,3.0,14.0,938056.4261735436
3.0,627.400734812005,5.0,Suburban,1.0,13.0,280029.4926868014
1.0,501.9925164674355,,Rural,0.0,27.0,91638.87628641324
2.0,2971.951157314283,1.0,Rural,2.0,73.0,298524.80630712176
1.0,4560.063815580072,5.0,Urban,1.0,30.0,1180338.5654037632
6.0,3735.84851309235,5.0,,3.0,91.0,526315.7148929519
4.0,1864.3732675747071,,Rural,3.0,2.0,386649.1586521435
1.0,1895.3804225423976,3.0,Urban,2.0,75.0,444286.1274953173
6.0,2053.534791514876,5.0,,3.0,53.0,519254.4672347862
5.0,3011.190463170351,4.0,Rural,0.0,40.0,424291.60284906754
2.0,4241.154677998865,3.0,Urban,3.0,86.0,986099.377639425
5.0,4338.903305316427,1.0,,3.0,76.0,774095.4193970268
3.0,513.144646796129,4.0,Rural,3.0,75.0,194357.3815784004
6.0,2845.5535961840046,2.0,Suburban,2.0,44.0,606846.2855379914
6.0,4482.339386812645,1.0,Suburban,0.0,91.0,862660.3582513412
3.0,1782.0860968893237,2.0,Suburban,0.0,91.0,336237.02418957936
5.0,2270.515309536162,2.0,Rural,1.0,,338363.6371609243
6.0,707.2553038548036,2.0,Rural,0.0,68.0,101118.32751576068
6.0,3800.690359214468,4.0,Suburban,2.0,10.0,846546.8077636701
4.0,2843.4566382539574,1.0,Urban,1.0,62.0,608410.2993066254
2.0,2889.8840519835926,1.0,Rural,1.0,76.0,367935.9033222443
5.0,4109.587511574144,2.0,Urban,1.0,32.0,1022110.0791295212
3.0,1416.102698958622,3.0,Suburban,3.0,44.0,454480.02609608613
4.0,1469.8844095609934,3.0,Suburban,0.0,70.0,402926.4010403278
6.0,3893.4845614227384,3.0,Urban,3.0,45.0,1069662.9895987974
4.0,1303.0068435249746,5.0,Urban,3.0,84.0,474080.37355151086
1.0,4308.103814085722,4.0,Rural,1.0,49.0,557677.2014836272
6.0,3787.233624314556,2.0,Rural,1.0,60.0,542169.6270019262
6.0,4213.094881679167,1.0,Suburban,0.0,51.0,853939.1562303458
2.0,3380.892402018307,4.0,Urban,2.0,46.0,808872.5236568473
1.0,,2.0,Urban,2.0,54.0,724244.3004544056
6.0,2331.3735933541875,5.0,Rural,0.0,27.0,406158.32422260573
6.0,4716.909628064576,4.0,Urban,0.0,55.0,1179315.6591548962
,3211.489237292892,4.0,Urban,3.0,31.0,868854.7517817506
3.0,4909.021060345349,5.0,Rural,1.0,20.0,756539.2824971133
5.0,4687.730621809416,1.0,Rural,0.0,89.0,639387.0817456252
,2666.972031241344,2.0,Rural,0.0,,351175.6894620897
5.0,7319.690027727971,2.0,Urban,3.0,3.0,1415003.9625781965
3.0,1340.2548309786866,5.0,Urban,1.0,12.0,462277.0067400849
1.0,2984.3121409402,1.0,Urban,2.0,92.0,663345.8271403234
2.0,1232.667723545887,4.0,Rural,2.0,37.0,170881.74959686096
3.0,3958.337140357061,3.0,Rural,,76.0,471872.7001860122
1.0,589.0804625626447,1.0,Urban,0.0,,50000.0
1.0,2253.917243419214,2.0,Suburban,1.0,3.0,471663.6120187734
1.0,3690.5617592916433,3.0,Suburban,1.0,81.0,664492.1536243221
3.0,2961.3346311712467,3.0,Urban,2.0,87.0,646786.3352170411
6.0,2929.576277759956,5.0,Rural,0.0,29.0,454475.2104299746
5.0,4851.737066417157,4.0,Suburban,3.0,31.0,981500.5380874136
6.0,2214.0928647994424,1.0,Urban,1.0,91.0,659451.8862081305
,2652.1694788785057,4.0,Urban,2.0,14.0,676344.8372406752
1.0,4471.067482052449,4.0,Rural,3.0,72.0,479744.4677264671
1.0,4835.060747691796,5.0,Suburban,2.0,76.0,962036.5198121014
4.0,1460.2700658906028,3.0,Urban,1.0,87.0,332337.22214452154
1.0,1472.2311425525925,4.0,Suburban,0.0,78.0,272800.8016957281
3.0,2838.669183025179,5.0,Suburban,1.0,63.0,632279.9034423856
3.0,4665.367985114011,1.0,Suburban,1.0,12.0,913852.8571023276
6.0,1243.5892269917144,2.0,Urban,3.0,51.0,415534.9863822527
3.0,3042.429609538641,1.0,Suburban,1.0,21.0,695005.1728042366
4.0,2337.37854241753,4.0,Rural,0.0,75.0,382200.3664244848
3.0,4977.4161619629185,3.0,Suburban,2.0,,1100602.081131823
6.0,3548.2429468342257,5.0,Rural,2.0,16.0,562045.3113688573
